course,id,objectives,question,answer,explanation
NUR116,1829,NUR116_T01,LPN vs RN — what can an LPN NOT do?,Cannot do independent assessment. Cannot give IV push medications. Cannot diagnose. Cannot independently plan care. Must work under RN or MD supervision at all times.,
NUR116,1830,NUR116_T01,ADN vs BSN — what is the difference?,ADN = 2-year RN degree. BSN = 4-year RN degree with broader competencies in research / leadership / community health / policy / QI.,
NUR116,1831,NUR116_T01,DNP vs PhD in nursing — what is the difference?,DNP = Doctor of Nursing Practice (clinical practice degree). PhD = Doctor of Philosophy in Nursing (research degree).,
NUR116,1832,NUR116_T01 | NUR116_WRAPUP,Who gives the NCLEX and what does passing mean?,Given by NCSBN. Passing = minimum competency — NOT excellence.,
NUR116,1833,NUR116_T01,Do ADN and BSN students take the same NCLEX?,Yes — both take the NCLEX-RN.,
NUR116,1834,NUR116_T01 | NUR116_WRAPUP,What happens when a patient on warfarin eats large amounts of leafy greens?,"Leafy greens are high in Vitamin K, which reduces warfarin effectiveness and lowers INR — increasing clotting risk.",
NUR116,1835,NUR116_T01,Who can issue a nursing license?,Only the state BON (Board of Nursing).,
NUR116,1836,NUR116_T01,What must be disclosed when applying for or renewing a nursing license?,Criminal history / substance misuse within last 5 years / any disciplinary actions against a professional license,
NUR116,1837,NUR116_T01,What are the 4 APRN roles?,CRNA (Certified Registered Nurse Anesthetist) / CNM (Certified Nurse-Midwife) / CNS (Clinical Nurse Specialist) / NP (Nurse Practitioner),
NUR116,1838,NUR116_T01,Benner's 5 stages of nursing development in order?,Novice → Advanced Beginner → Competent → Proficient → Expert,
NUR116,1839,NUR116_T01,Novice vs Advanced Beginner nurse — how do they differ?,Novice = no experience / cannot draw on own judgment. Advanced Beginner = recognizes patterns / focuses on following rules / needs clinical support for priorities.,
NUR116,1840,NUR116_T01,Competent vs Proficient vs Expert nurse — how do they differ?,Competent = prioritizes from past experience / mastery in multiple areas. Proficient = understands bigger picture / modifies plans when situations change. Expert = trusts intuition / self-confidence / knows what needs to be done.,
NUR116,1841,NUR116_T01,Case Manager vs Change Agent nursing role — what is the difference?,Case Manager = coordinates services / discharge planning / manages costs. Change Agent = advocates for changes needed to improve patient care / helps educate and facilitate change.,
NUR116,1842,NUR116_T01,What are the 6 QSEN competencies?,Patient-Centered Care / Teamwork and Collaboration / Evidence-Based Practice / Quality Improvement / Safety / Informatics,
NUR116,1843,NUR116_T01,ANA vs NLN vs National Academy of Medicine — what does each do?,ANA = enhances nursing profession / lobbies / publishes Code of Ethics. NLN = promotes nursing education / addresses educator shortage. National Academy of Medicine (formerly IOM) = uses EBP approach to improve global health.,
NUR116,1844,NUR116_T01,Signs of impaired nursing (SUD) — what to look for?,Disheveled appearance / mood swings / isolation / rarely calls in sick (hospital = drug source) / frequently volunteers to give pain medications (possible diversion). MUST report immediately.,
NUR116,1846,NUR116_T01,What is the IOM Future of Nursing Report goal?,80% of nurses to have a BSN by 2020.,
NUR116,1847,NUR116_T02,What defines a Nurse Practice Act?,Created by each individual STATE. Establishes definitions / rules / regulations for licensed nurses. Differs state to state.,
NUR116,1848,NUR116_T02,RN process vs LPN process — what is the difference?,RN = 5 steps (ADPIE — full assessment). LPN = 4 steps (data collection / collaborative planning / implementation under supervision / evaluation with RN). LPN CANNOT do independent assessment.,
NUR116,1849,NUR116_T02,What CAN an LPN do?,Vital signs / insert Foley catheters and NG tubes / wound care / give most medications (NOT IV push). Must work under RN or MD at all times.,
NUR116,1850,NUR116_T03,When must discharge planning begin?,On ADMISSION — not at discharge.,
NUR116,1851,NUR116_T03,What does medication reconciliation involve and when does it occur?,Creating accurate list of all medications (name / dosage / frequency / route) and comparing against orders. Occurs at ADMISSION / DISCHARGE / and TRANSFER.,
NUR116,1852,NUR116_T03,Where do most medication errors occur?,During PRESCRIBING.,
NUR116,1853,NUR116_T03,What must you do with a verbal order?,READ BACK — not just repeat — to verify it was correctly heard AND correctly transcribed.,
NUR116,1854,NUR116_T03,Lateral violence vs vertical violence — what is the difference?,Lateral = peer-to-peer incivility (horizontal violence). Vertical = supervisor to employee or vice versa.,
NUR116,1855,NUR116_T03,Incivility vs bullying — what is the difference?,Incivility = gossiping / being rude / refusing to help / interrupting. Bullying = incivility that is REPEATED — recurring harmful behavior.,
NUR116,1856,NUR116_T03,What are the 5 conflict management approaches and which is the goal?,Dominate / Oblige / Avoid / Compromise / Integrate. Goal = COMPROMISE and INTEGRATE.,
NUR116,1857,NUR116_T03 | NUR116_WRAPUP,What is I-SBAR-R?,I=Introductions / S=Situation / B=Background / A=Assessment / R=Recommendation / R=Read back. Standard healthcare communication tool.,
NUR116,1858,NUR116_T03,Where should handoff report occur?,At the BEDSIDE.,
NUR116,1859,NUR116_T04,What are the EBP steps in order?,1. Identify problem (PICOT) 2. Search credible sources 3. Evaluate findings 4. Implement recommendations 5. Review effectiveness 6. Disseminate results,
NUR116,1860,NUR116_T04,What does PICOT stand for?,Population / Intervention / Comparison / Outcome / Time,
NUR116,1861,NUR116_T04,Peer-reviewed vs non-peer-reviewed — which is credible for EBP?,Peer-reviewed = reviewed by professionals before publication = scholarly evidence. Non-peer-reviewed (newspapers/magazines) = NOT reliable for EBP.,
NUR116,1862,NUR116_T04,Quantitative vs qualitative research — what is the difference?,Quantitative = numerical data / statistics / compares intervention vs control group. Qualitative = narrative data / explores experiences and feelings from participant perspective.,
NUR116,1863,NUR116_T04,What are the 3 elements of critical appraisal?,Validity (did researchers conduct the study well?) / Reliability (can others reproduce results?) / Applicability (is the population similar to yours?),
NUR116,1864,NUR116_T05,What is clinical judgment?,The observed outcome of critical thinking and decision making — uses nursing knowledge to observe situations / identify prioritized concerns / generate evidence-based solutions. Gets better with experience.,
NUR116,1865,NUR116_T05,Critical thinking vs clinical reasoning — what is the difference?,Critical thinking = uses logic / considers alternative approaches. Clinical reasoning = mental process used when analyzing ALL data in a clinical situation. Clinical judgment = clinical reasoning repeated over time.,
NUR116,1866,NUR116_T05 | NUR116_WRAPUP,What are the 5 steps of ADPIE?,Assessment → Analysis → Planning → Implementation → Evaluation,
NUR116,1867,NUR116_T05,Subjective vs objective data — what is the difference?,Subjective = what patient REPORTS (pain/nausea/dizziness — patient must tell you). Objective = what you can OBSERVE or MEASURE (vital signs/vomiting/wound appearance). Example: nausea = subjective; vomiting = objective.,
NUR116,1868,NUR116_T05,Which clients must the RN personally assess?,NEW clients AND UNSTABLE clients — cannot delegate initial assessment to LPN.,
NUR116,1870,NUR116_T05 | NUR116_WRAPUP,What is PES format and when is it used?,Problem + Etiology + Signs/Symptoms — used ONLY for ACTUAL problems currently happening.,
NUR116,1871,NUR116_T05 | NUR116_WRAPUP,What does the etiology of a nursing diagnosis determine?,The INTERVENTIONS — interventions must address the etiology not just the problem.,
NUR116,1872,NUR116_T05,What are SMART goals?,Specific / Measurable / Attainable / Realistic / Timely,
NUR116,1873,NUR116_T05,What is the rule about making a care plan?,NEVER make a plan of care without consulting the patient.,
NUR116,1874,NUR116_T05,What are the 5 rights of delegation?,Right task / Right circumstance (stable client) / Right person / Right directions and communication / Right supervision and evaluation,
NUR116,1875,NUR116_T05,Who maintains accountability after delegating a task?,The DELEGATOR (the nurse who delegated) — always maintains responsibility even after delegating.,
NUR116,1876,NUR116_T05,Can clinical reasoning be delegated to AP (assistive personnel)?,NO — clinical reasoning can NEVER be delegated to AP/UAP.,
NUR116,1877,NUR116_T05,Direct care vs indirect care interventions — what is the difference?,Direct = performed WITH the patient (giving meds / vital signs / physical care). Indirect = performed AWAY from patient (documentation / referrals).,
NUR116,1878,NUR116_T05,Independent vs dependent interventions — what is the difference?,Independent = nurse performs WITHOUT a provider order. Dependent = REQUIRES a provider order.,
NUR116,1879,NUR116_T06,Maslow's hierarchy — what is the nursing priority order?,1. Physiological (food/water/air/shelter/sleep) — ALWAYS first 2. Safety and Security 3. Love and Belonging 4. Self-Esteem 5. Self-Actualization,
NUR116,1880,NUR116_T06,What does ABCDE stand for in priority setting?,Airway → Breathing → Circulation → Disability (neurologic status) → Exposure (head-to-toe assessment),
NUR116,1881,NUR116_T06,Triage tag colors and priority order?,Red = life-threatening but survivable (FIRST priority) / Yellow = urgent (second) / Green = walking wounded (third) / Black = deceased or unsurvivable (lowest),
NUR116,1882,NUR116_T06,Acute vs chronic — which gets priority and why?,ACUTE over chronic — acute has less opportunity for physical adaptation.,
NUR116,1883,NUR116_T06,Unstable vs stable — which gets priority and examples of each?,Unstable takes priority. Unstable = acute change in condition (uncontrolled bleeding / severe respiratory distress / frequently changing BP). Stable = condition changes little over time.,
NUR116,1884,NUR116_T06,What is the least restrictive/least invasive framework?,Choose the intervention that maintains client safety while producing the LEAST amount of restriction or invasion. Applies to restraints too — choose one allowing as much movement as possible.,
NUR116,1885,NUR116_T06,What is the survival potential framework and when is it used?,Prioritize clients with the greatest chance of survival when resources are LIMITED. Used in mass casualty/disaster triage.,
NUR116,1886,NUR116_T06,Critical vs urgent vs routine vs extra client care needs?,Critical = intervene immediately (respiratory difficulty / chest pain / neuro change). Urgent = mild harm if delayed (post-op pain). Routine = routine meds/vitals. Extra = promotes comfort (warm blanket).,
NUR116,1887,NUR116_T06 | NUR116_WRAPUP,Full-length siderails vs half-length siderails — which is a restraint?,Full-length = RESTRAINT (prevents patient from getting out of bed). Half/quarter = NOT a restraint if patient can still exit bed independently.,
NUR116,1889,NUR116_T07 | NUR116_WRAPUP,Tachycardia vs bradycardia — what are the values?,Tachycardia = pulse OVER 100 bpm. Bradycardia = pulse UNDER 60 bpm.,
NUR116,1890,NUR116_T07 | NUR116_WRAPUP,Tachypnea vs bradypnea — what are the values?,Tachypnea = respiratory rate OVER 20. Bradypnea = respiratory rate UNDER 12.,
NUR116,1891,NUR116_T07 | NUR116_WRAPUP,Normal temperature / respiratory rate / blood pressure?,Temperature = 96.8–100.4°F. Respiratory rate = 12–20. Blood pressure = 120/80.,
NUR116,1894,NUR116_T08 | NUR116_WRAPUP,What does Autonomy mean as an ethical principle?,"Respecting the patient's right to make their own healthcare decisions, including the right to refuse care.",
NUR116,1895,NUR116_T08 | NUR116_WRAPUP,What does Veracity mean?,Provide truthful and accurate information to the client at all times.,
NUR116,1896,NUR116_T08 | NUR116_WRAPUP,What does Fidelity mean?,Keep promises and uphold commitments to the client.,
NUR116,1897,NUR116_T08 | NUR116_WRAPUP,What does Justice mean?,"Impartial, fair, equitable care regardless of age, sex, race, or economic status.",
NUR116,1898,NUR116_T08,What are the ANA nursing values (5)?,Altruism / Human Dignity / Integrity / Autonomy / Social Justice,
NUR116,1899,NUR116_T08,What are the 8 ethical decision-making steps?,1. Is there a dilemma? 2. Define it 3. Identify solutions 4. Apply ethical principles 5. Include all stakeholders 6. Decide 7. Review 8. Act,
NUR116,1901,NUR116_T08 | NUR116_WRAPUP,Under EMTALA what must happen before transferring a patient?,"Hospital must stabilize first. If unable to stabilize, the physician must sign off that the benefits of transfer outweigh the risks.",
NUR116,1902,NUR116_T08 | NUR116_WRAPUP,HIPAA — what are the exceptions when confidentiality CAN be broken?,Cases of ABUSE reporting / COMMUNICABLE DISEASE reporting.,
NUR116,1903,NUR116_T08 | NUR116_WRAPUP,HIPAA violations — what are the consequences?,Termination / fines / loss of nursing license / exposure to litigation / possible prison sentence.,
NUR116,1905,NUR116_T08 | NUR116_WRAPUP,What is the nurse's role in informed consent?,VERIFY and WITNESS the signature — the nurse does NOT obtain consent. Verify the patient has adequate knowledge to decide.,
NUR116,1906,NUR116_T08 | NUR116_WRAPUP,Can a patient withdraw consent?,Yes — at ANY time.,
NUR116,1908,NUR116_T08 | NUR116_WRAPUP,Does a nurse need an attorney to witness an advance directive?,No — a nurse can witness. No attorney needed. Federal law requires facilities to provide the forms.,
NUR116,1910,NUR116_T08,Malpractice vs negligence — what is the difference?,Malpractice = fails to meet STANDARDS OF CARE. Negligence = breaches DUTY OF CARE resulting in client injury or suffering.,
NUR116,1912,NUR116_T08,What are nurses required to report as mandatory reporters?,Maltreatment (physical/emotional/sexual/financial exploitation/educational neglect/denial of food or shelter). Communicable diseases (anthrax/botulism/chlamydia/hepatitis A-C/HIV/influenza/measles/TB/Zika).,
NUR116,1913,NUR116_T08 | NUR116_WRAPUP,Incident report — is it part of the medical record and what should you NOT do?,NOT part of the medical record — it is a risk management tool. NEVER reference the incident report in the medical chart.,
NUR116,1914,NUR116_T08,Just culture vs whistleblowing — what is the difference?,Just culture = accountability without punishment / encourages reporting mistakes without fear. Whistleblowing = formally reporting illegal/unethical acts to a regulatory agency — consult BON and legal counsel FIRST.,
NUR116,1915,NUR116_T08 | NUR116_WRAPUP,Trailing zeros vs leading zeros — what are the rules?,Trailing zeros: AVOID — write 25 NOT 25.0 (could be read as 250). Leading zeros: ALWAYS USE — write 0.25 NOT .25 (could be read as 25).,
NUR116,1916,NUR116_T08 | NUR116_WRAPUP,Medicaid vs Medicare — who do they cover?,Medicaid = the POOR / low-income individuals. Medicare = the ELDERLY (65+) AND people with end-stage renal disease (dialysis patients).,
NUR116,1917,NUR116_T08,What is client abandonment?,Deserting a client for whom a nurse-client relationship has been established without ensuring continuation of care by another nurse.,
NUR116,1918,NUR116_T08,What is GINA?,Genetic Information Nondiscrimination Act (2008) — protects from discrimination based on genetic testing results.,
NUR116,1921,NUR116_T09 | NUR116_WRAPUP,Braden Scale score ranges and risk levels?,19-23 = no risk / 15-18 = mild / 13-14 = moderate / 10-12 = high / 9 or less = very high risk,
NUR116,1922,NUR116_T09 | NUR116_WRAPUP,Hendrich II vs Braden Scale — what does each measure and which direction is risk?,Hendrich II = FALL RISK (higher score = higher risk). Braden = PRESSURE INJURY RISK (lower score = higher risk). Opposite directions.,
NUR116,1923,NUR116_T09,What are the 2 identifiers required for client identification?,Name + date of birth OR medical record number. NEVER room number.,
NUR116,1924,NUR116_T09,What does RACE stand for in fire safety?,Rescue (remove clients/visitors/employees) → Alarm (activate fire alarm) → Contain (close doors and windows — cuts oxygen to fire) → Extinguish (only if safe and proper extinguisher available),
NUR116,1925,NUR116_T09,What causes alarm fatigue and why is it dangerous?,Frequent false/nuisance alarms → staff become desensitized → may miss real emergencies or have slower response times.,
NUR116,1926,NUR116_T09,Do bed and chair alarms prevent falls?,NO — they allow quick rescue if a patient gets up but do NOT prevent falls.,
NUR116,1927,NUR116_T09,Near miss vs adverse event vs sentinel event — what is the difference?,Near miss = caught before reaching patient. Adverse event = actual harm occurred. Sentinel event = death / permanent injury / dismemberment / severe temporary harm.,
NUR116,1928,NUR116_T10 | NUR116_WRAPUP,Pressure injury Stage 1 vs Stage 2 — how do they differ?,Stage 1 = nonblanchable erythema of INTACT skin. Stage 2 = partial-thickness skin loss with EXPOSED DERMIS (shallow open wound / blister-like).,
NUR116,1930,NUR116_T10 | NUR116_WRAPUP,What is an unstageable pressure injury?,Full-thickness skin and tissue loss — base covered by slough or eschar / cannot determine true depth until removed.,
NUR116,1931,NUR116_T10 | NUR116_WRAPUP,What is a Deep Tissue Pressure Injury (DTPI)?,Persistent nonblanchable deep red / maroon / or purple discoloration of intact or non-intact skin — injury to underlying tissue.,
NUR116,1932,NUR116_T10,What are the risk factors for skin breakdown?,Immobility / moisture / poor nutrition / friction and shear / sensory deficits,
NUR116,1933,NUR116_T10,Wound healing — primary vs secondary vs tertiary intention?,Primary = edges sutured together (least scarring). Secondary = left open to heal from base up (more scarring). Tertiary = left open initially then sutured later (delayed closure).,
NUR116,1934,NUR116_T10,What is wound evisceration and how is it treated?,Internal organs protrude through wound — EMERGENCY. Cover with sterile saline-moistened dressing and call provider immediately.,
NUR116,1935,NUR116_T11 | NUR116_WRAPUP,What is chronic pain?,"Pain lasting longer than 6 months, constant or recurring, with no predictable end. Can be physically and emotionally debilitating.",
NUR116,1936,NUR116_T11,Nociceptive vs neuropathic pain — what is the difference?,Nociceptive = pain in skin/bones/muscles/organs — localized / aching / stabbing / pounding. Neuropathic = nerve pain — burning / shooting / pins and needles / numbness (diabetic neuropathy / phantom limb).,
NUR116,1937,NUR116_T11,What does PQRST stand for in pain assessment?,P=Precipitating cause / Q=Quality / R=Region / S=Severity (0-10) / T=Timing,
NUR116,1938,NUR116_T11 | NUR116_WRAPUP,Numeric rating scale — what do the score ranges mean?,0 is no pain / 1-3 = mild / 4-6 = moderate / 7-10 = severe,
NUR116,1942,NUR116_T11 | NUR116_WRAPUP,What is PCA and when is it used?,Patient-Controlled Analgesia — patient presses a button to receive a small bolus at a basal rate as ordered. Used postoperatively.,
NUR116,1943,NUR116_T11,Opioids vs NSAIDs vs adjuvant analgesics — what is each used for?,Opioids = strongest / most commonly prescribed for pain / can cause respiratory depression. NSAIDs = reduce inflammation/fever/pain — can cause bleeding. Adjuvant = help with neuropathic pain / reduce opioid dose needed.,
NUR116,1944,NUR116_T11,Every client has the right to what regarding pain?,Pain management — regardless of the nurse's personal values. Undertreating pain violates beneficence and nonmaleficence.,
NUR116,1945,NUR116_T12,What are the 4 sleep stages and their key features?,Stage 1 NREM = lightest / 5% of cycle. Stage 2 NREM = deeper / 50% of cycle / HR and temp decrease. Stage 3 NREM = deepest / delta waves / immune repair / tissue healing. Stage 4 REM = dreaming / muscles atonic / begins 90 min after falling asleep.,
NUR116,1946,NUR116_T12,What makes Stage 3 NREM sleep unique?,Deepest sleep / immune system strengthens / muscles-tissues-bones repair / pulse and respirations at lowest. Older adults have FEWER Stage 3 cycles.,
NUR116,1947,NUR116_T12,What makes Stage 4 REM sleep unique?,Dreaming stage / skeletal muscles atonic (protects from acting out dreams) / breathing irregular / elevated HR. Older adults have FEWER REM cycles.,
NUR116,1948,NUR116_T12,How many hours of sleep do adults need vs older adults?,Adults (20-65) = 7-9 hours. Older adults (65+) = 7-8 hours. Older adults also have more Stage 2 cycles and fewer Stage 3 and REM cycles.,
NUR116,1949,NUR116_T12,Central sleep apnea vs obstructive sleep apnea — what is the difference?,Central = brain fails to signal respiratory muscles → cessation of breathing (caused by opioid overdose or heart failure). Obstructive = upper airway physically collapses during sleep / snoring is common / treated with CPAP.,
NUR116,1950,NUR116_T12,What is narcolepsy and what is cataplexy?,Narcolepsy = chronic sudden sleepiness / uncontrollable sleep attacks / difficulty staying awake. Cataplexy = brief loss of voluntary muscle tone triggered by emotion (laughter) — occurs with narcolepsy.,
NUR116,1951,NUR116_T12,What is the first-line sleep medication for older adults?,Melatonin — non-habit forming / cost-effective / few side effects.,
NUR116,1952,NUR116_T12,Benzodiazepines for sleep — what is the concern?,Can cause physical dependence — NOT recommended for long-term use. Use cautiously in older adults with decreased liver/kidney function.,
NUR116,1953,NUR116_T13,Simple vs complex carbohydrates — what is the difference?,Simple = rapidly digested / quick glucose spike (white bread/sugar/candy/fruit juice). Complex = digested slowly / steady energy (whole grains/legumes/vegetables/brown rice).,
NUR116,1955,NUR116_T13,Why do vegan patients need B12 supplementation?,B12 ONLY comes from animal sources — a vegan diet contains no B12.,
NUR116,1956,NUR116_T13,BMI categories — all 4 ranges?,Under 18.5 = underweight / 18.5-24.9 = healthy / 25-29.9 = overweight / 30+ = obese,
NUR116,1958,NUR116_T13 | NUR116_WRAPUP,Why avoid red-colored liquids for colon procedures or tonsillectomies?,Can be confused with BLEEDING.,
NUR116,1959,NUR116_T13,Renal diet — what does it restrict and which foods are high potassium?,Restricts sodium / potassium / phosphorus. High-potassium foods to AVOID: bananas/cantaloupe/tomatoes/oranges/prune juice/spinach/collard greens/kale/swiss chard.,
NUR116,1960,NUR116_T13,What supplement interactions are high yield for the exam?,Vitamin K + warfarin = reduced warfarin effectiveness (increased clotting). St. John's Wort = decreases birth control/cardiac meds/antidepressants. Antioxidants (Vit C & E) = reduce chemotherapy effectiveness. Folic acid = reduces birth defect risk.,
NUR116,1963,NUR116_T13 | NUR116_WRAPUP,What is the priority action if aspiration is suspected during tube feeding?,STOP the tube feeding immediately. Do NOT lower HOB. Notify provider.,
NUR116,1964,NUR116_T13 | NUR116_WRAPUP,What fever threshold indicates tube feeding aspiration?,38°C (100.4°F),
NUR116,1967,NUR116_T13 | NUR116_WRAPUP,NG vs NJ vs G-tube — who places each?,NG = placed by NURSES at bedside. NJ = placed by PROVIDER using guided radiology / X-ray confirmation. G-tube = placed by SURGEON.,
NUR116,1968,NUR116_T13 | NUR116_WRAPUP,NG vs NJ — what unique thing can only the NG do?,NG ONLY — can remove stomach contents via suction. NJ bypasses the stomach and cannot remove stomach contents.,
NUR116,1969,NUR116_T13 | NUR116_WRAPUP,How is NG tube placement verified?,Initially by X-RAY before first use. Then every 4 hours by aspirating gastric contents and checking pH.,
NUR116,1970,NUR116_T13 | NUR116_WRAPUP,Enteral feeding HOB rules?,HOB 30-45° DURING tube feeding. HOB 30-45° for AT LEAST 1 HOUR after bolus feedings. Hold feedings when repositioning flat.,
NUR116,1971,NUR116_T13 | NUR116_WRAPUP,What is gastric residual volume and what does >250 mL mean?,"Residual = undigested formula still sitting in the stomach, checked by aspirating the NG or G-tube with a syringe. >250 mL = stomach not emptying well → aspiration risk → follow facility policy.",
NUR116,1972,NUR116_T13 | NUR116_WRAPUP,When is TPN used?,When the GI tract cannot absorb or tolerate adequate nutrition. Nutrition is delivered intravenously into a large vein.,
NUR116,1973,NUR116_T13 | NUR116_WRAPUP,What is the major complication of TPN?,Hyperglycemia — monitor blood glucose frequently. Even non-diabetic patients may need insulin.,
NUR116,1974,NUR116_T13,Spinal curvatures — kyphosis vs scoliosis vs lordosis?,Kyphosis = thoracic (upper back) — hunchback. Scoliosis = lateral S-shaped curve. Lordosis = lumbar (lower back) — swayback.,
NUR116,1975,NUR116_T14,Normal urinalysis values — list all.,Color: pale yellow to amber / Specific gravity: 1.002-1.030 / Clarity: clear / Odor: mild / Protein: under 20 mg/dL / Glucose: negative / Ketones: negative / Hemoglobin: negative / Nitrite: negative / Leukocyte esterase: negative / Bacteria-yeast-parasites: none,
NUR116,1976,NUR116_T14,Minimum urine output for an adult?,30 mL/hour,
NUR116,1977,NUR116_T14,6 types of urinary incontinence — what triggers each?,Stress = coughing/sneezing/laughing/physical activity. Urge = strong urge but leaks before toilet (bladder training works). Reflex = nerve damage / no warning. Overflow = incomplete emptying / overfills. Functional = physical inability to reach toilet. Nocturnal enuresis = nighttime bedwetting.,
NUR116,1978,NUR116_T14,Stress vs urge incontinence — key difference for the exam?,Stress = caused by PHYSICAL PRESSURE (coughing/sneezing/laughing). Urge = caused by OVERACTIVE BLADDER — strong urge but cannot make it. Bladder training works for URGE not stress.,
NUR116,1980,NUR116_T14 | NUR116_WRAPUP,Foley catheter indications?,Urinary retention / surgical procedures / wounds where urine contacts wound and prevents healing,
NUR116,1981,NUR116_T14 | NUR116_WRAPUP,Clean catch urine culture — how is it collected?,Wipe three times front-to-back → start urinating → stop → collect midstream. Ask about antibiotics first.,
NUR116,1982,NUR116_T14 | NUR116_WRAPUP,24-hour urine collection — how is it done?,DISCARD first morning void. Collect ALL urine for next 24 hours. Keep refrigerated or on ice. Evaluates kidney function.,
NUR116,1983,NUR116_T14 | NUR116_WRAPUP,FOBT — what does it detect and what causes false positives?,Detects hidden blood in stool — turns BLUE if blood present. False positives: red meat / broccoli / beets / turnips / NSAIDs.,
NUR116,1984,NUR116_T14 | NUR116_WRAPUP,Stool for ova and parasites — why must it go to lab immediately?,Parasites die quickly and become difficult or impossible to identify.,
NUR116,1986,NUR116_T14 | NUR116_WRAPUP,Fecal impaction — what is it and how is it treated?,Hardened stool prevents evacuation. Treat with warm mineral oil enema → manual removal → surgery only if obstruction is complete.,
NUR116,1987,NUR116_T14,Diarrhea dietary risk factors — list all 8 categories.,Alcohol / caffeinated foods and beverages / dairy / high-fat greasy foods / fructose beverages / spicy foods / apples-peaches-pears / sweeteners (sorbitol/mannitol/xylitol/maltitol),
NUR116,1990,NUR116_T15 | NUR116_WRAPUP,What is moral distress?,When the nurse's actions differ from what they feel is ethically correct.,
NUR116,1992,NUR116_T15 | NUR116_WRAPUP,PTSD manifestations?,Recurring flashbacks / nightmares / sweating / increased heart rate / exaggerated startle response. Symptoms may be delayed and can become chronic.,
NUR116,1993,NUR116_T16,Self-concept vs self-esteem — what is the difference?,Self-concept = how you THINK about yourself (beliefs/preferences/opinions — a learned behavior). Self-esteem = how you FEEL about yourself.,
NUR116,1994,NUR116_T17 | NUR116_WRAPUP,Kübler-Ross 5 stages,Denial → Anger → Bargaining → Depression → Acceptance. NOT sequential — patients can move back and forth between stages.,
NUR116,2000,NUR116_T17 | NUR116_WRAPUP,Bereavement vs mourning — what is the difference?,Bereavement = the PERIOD OF TIME during which a person experiences grief and mourning. Mourning = the OUTWARD PUBLIC expression of grief.,
NUR116,2001,NUR116_T17,What are Worden's 4 tasks of grieving?,1. Accept the reality of the loss 2. Experience the pain and grief 3. Adjust to environment without deceased 4. Find enduring connection while moving forward,
NUR116,2002,NUR116_T17,What is compassion fatigue and who is at highest risk?,Cumulative stress from wanting to help those suffering but being unable to relieve it → professional uselessness and self-blame. Highest risk: ER / critical care / end-of-life nurses.,
NUR116,2003,NUR116_T18,What is the most effective communication style and why?,ASSERTIVE — communicates clearly and honestly / advocates for own opinions without violating others' rights. Fundamental to good communication and mental health.,
NUR116,2004,NUR116_T18,Passive vs passive-aggressive communication — what is the difference?,Passive = avoids conflict / agrees to prevent confrontation / anxious. Passive-aggressive = appears passive on surface but acts out anger subtly / sarcasm / stems from powerlessness and resentment.,
NUR116,2005,NUR116_T18,Therapeutic communication techniques — name them all.,Silence / Active listening / Open-ended questions / Accepting / Restating and summarizing / Reflecting,
NUR116,2006,NUR116_T18,Nontherapeutic communication — what to avoid?,Giving advice / not listening / false reassurance / rejecting what patient says / being critical / not addressing patient's concerns,
NUR116,2007,NUR116_T18,What is motivational interviewing (OARS)?,Open-ended questions / Affirmations / Reflective listening / Summarizing. Used to help clients develop plans to promote their own health.,
NUR116,2008,NUR116_T18,Language barrier — what must the nurse do?,Use a CERTIFIED MEDICAL INTERPRETER — NEVER use family members (risk for errors due to lack of medical terminology knowledge).,
NUR116,2009,NUR116_T18,How should you communicate with a hearing-impaired patient?,Speak in a LOWER register (not louder) / FACE the patient directly.,
NUR116,2011,NUR116_T19 | NUR116_WRAPUP,Which learning domain involves hands-on physical skills?,"Psychomotor — physical movement, skills, coordination, and use of the senses.",
NUR116,2013,NUR116_T20 | NUR116_WRAPUP,What does a Respiratory Therapist do?,Manages oxygen and oxygenation devices / manages ventilator settings / gives respiratory treatments.,
NUR116,2014,NUR116_T20 | NUR116_WRAPUP,What does a Speech Therapist treat?,Communication/speaking impairments AND swallowing disorders.,
NUR116,2015,NUR116_T20 | NUR116_WRAPUP,What is the role of Assistive Personnel (AP/UAP)?,Nurses' aides who assist the healthcare team. Clinical reasoning CANNOT be delegated to AP.,
NUR116,2016,NUR116_T21 | NUR116_WRAPUP,Presbycusis vs presbyopia — what is the difference?,Presbycusis = loss of hearing SIBILANT sounds (Sh/Ph/S/Ch) and high-pitched sounds. Presbyopia = becoming more FARSIGHTED with aging.,
NUR116,2017,NUR116_T21,GI changes in older adults?,Gag reflex is diminished / peristalsis decreases (constipation risk) / external sphincter control weakens (incontinence risk).,
NUR116,2018,NUR116_T21,What is osteoporosis and who is at highest risk?,Bones become porous and susceptible to fracture. Highest risk = post-menopausal women. Weight-bearing exercise is essential to preserve bone density.,
NUR116,2019,NUR116_T21,Osteoporosis risk factors?,Insufficient calcium and Vitamin D / decreased estrogen or testosterone / prolonged bed rest / seizure medications or hormone treatments / eating disorder history / excessive alcohol / smoking / family history,
NUR116,2020,NUR116_T21,What is Alzheimer's disease and what are the first signs?,Progressive irreversible brain disorder destroying memory and thinking skills. First signs = mild memory problems. Progresses to confusion / communication difficulties / personality changes / incontinence / loss of mobility / fully dependent.,
NUR116,2021,NUR116_T21,Recommended vaccines for older adults?,Influenza annually / Shingles (herpes zoster) vaccine at age 50+ / Pneumococcal (PPSV23) at age 65+,
NUR116,2022,NUR116_T22,Cultural awareness vs cultural competence — what is the difference?,Cultural awareness = ability and willingness to UNDERSTAND differences between cultures. Cultural competence = APPRECIATING / ACCEPTING / RESPECTING individual cultural beliefs — goes beyond just understanding.,
NUR116,2023,NUR116_T22,Emic vs etic knowledge — what is the difference?,Emic = cultural INSIDER's perspective. Etic = cultural OUTSIDER's perspective. Integrating both leads to cultural competence.,
NUR116,2024,NUR116_T22,Who is Madeleine Leininger and what did she discover?,Founder of Transcultural Nursing Theory. Discovered nurses need better understanding of patients' cultures. Patients are more likely to follow recommendations when caregivers respect their cultural norms.,
NUR116,2025,NUR116_T23 | NUR116_WRAPUP,Complementary vs alternative therapy — what is the difference?,Complementary = done IN CONJUNCTION with prescribed treatment. Alternative = done INSTEAD OF prescribed treatment.,
NUR116,2026,NUR116_T23,What are the nursing implications for CAM?,Include CAM in assessment / encourage patient to tell provider before starting herbals / do NOT judge or show disapproval (patient may not share again) / natural does NOT mean safe (ricin and botulism are natural).,
NUR116,2027,NUR116_T24,Is the incident report part of the medical record?,NO — it is a risk management tool. NEVER reference it in the medical chart. Document separately in the medical record.,
NUR116,2028,NUR116_T24,What is falsification of health records?,Documenting inaccurate / incomplete / or misleading data OR documenting care that did not actually occur. Examples: not documenting an assessment / documenting care you did not do.,
NUR116,2029,NUR116_T25,Primary vs secondary vs tertiary prevention — what is each?,Primary = prevent disease BEFORE it occurs (immunizations/health teaching). Secondary = early detection (screenings/mammograms). Tertiary = reduce impact of established disease / minimize disability (cardiac rehab/diabetes management).,
NUR116,2030,NUR116_T01,What is health literacy?,"The capacity to obtain, communicate, and understand basic health information and services to make appropriate health decisions.",
NUR116,2031,NUR116_T01,What is Healthy People 2030?,10-year national health objectives updated every 10 years. Goals include: decrease infant mortality / improve life expectancy / decrease obesity.,
NUR116,2032,NUR116_T01,What are the 4 NLN integrating competencies?,Human flourishing / Nursing judgment / Professional identity / Spirit of inquiry,
NUR116,2033,NUR116_T01,What is the nursing shortage caused by?,Large number of nurses retiring by 2030 / increased chronic illness patients / limited nursing faculty / increased number of people over 65,
NUR116,2034,NUR116_T01,What is Naloxone (Narcan)?,The antidote for opioids.,
NUR116,2035,NUR116_T03,What are the benefits of an interprofessional team?,Improved access and coordination of care / greater referral efficiency / increased quality of community health services / decreased complications / decreased length of stay / decreased mortality and staff turnover,
NUR116,2036,NUR116_T03,What is a consult vs a referral vs a transfer of care?,Consult = one provider requests another's input or advice. Referral = provider delegates management of a condition to another provider. Transfer of care = systematically turn care over to another provider.,
NUR116,2037,NUR116_T03,What are silos in healthcare and why are they dangerous?,Groups within an organization that work only within their own area — creates barriers to communication and fragmented care that can negatively impact patient safety.,
NUR116,2038,NUR116_T03,What is cognitive rehearsal?,Visualizing a difficult or anxiety-producing scenario ahead of time to prepare constructive responses when it arises in real life.,
NUR116,2039,NUR116_T05,What are the 6 steps of clinical judgment (NCLEX framework)?,1. Recognize cues 2. Analyze cues 3. Prioritize hypotheses 4. Generate solutions 5. Take actions 6. Evaluate outcomes,
NUR116,2040,NUR116_T05,What is missed nursing care?,Care that is left undone / omitted / or missed due to limited resources. Considered a medical error that can affect patient safety.,
NUR116,2041,NUR116_T06,What are the Maslow physiological needs (bottom level)?,Food / water / air / shelter / sleep / clothing / reproduction — must be met before any other needs.,
NUR116,2042,NUR116_T06,What causes airway obstruction?,CNS depression / blockages from blood or vomit / edema and inflammation of upper airway / facial trauma / foreign objects inside airway,
NUR116,2043,NUR116_T06,How is adequacy of CIRCULATION assessed in ABCDE?,Blood pressure / capillary refill time / pulse rate-volume-character / urine output / level of consciousness / skin tone changes,
NUR116,2044,NUR116_T06,What does Disability assess in ABCDE?,Neurologic status — level of consciousness / response to verbal or painful stimulation / level of orientation,
NUR116,2046,NUR116_T08,What are the elements of informed consent (list all)?,Proposed treatment or procedure / who will perform it / purpose / expected outcomes / benefits / risks / alternatives / benefits and risks of alternatives / client's right to refuse,
NUR116,2047,NUR116_T08,What is a sentinel event?,An occurrence resulting in permanent disability / temporary severe injury / or death of a client.,
NUR116,2048,NUR116_T08,What are the ANA 6 social media principles?,1. Never post identifiable client info 2. Maintain professional boundaries 3. Assume anything posted can be seen by clients/peers/supervisors 4. Use privacy settings 5. Advocate for client rights / report violations 6. Work with employer on policies,
NUR116,2049,NUR116_T08,Which state is the only one with a law limiting client-to-nurse ratios?,California,
NUR116,2050,NUR116_T08,What is nurse fatigue?,Physical and psychological exhaustion that causes the nurse to be unable to function safely and competently. Nurses working long hours have higher risk of chronic illness and errors.,
NUR116,2051,NUR116_T08,What is the 5 rights of delegation — right circumstance specifically?,The client's condition must be STABLE. The delegatee must communicate any changes in the client's condition to the nurse.,
NUR116,2052,NUR116_T09,What is the purpose of the C (Contain) in RACE?,Closing doors and windows decreases the oxygen supply to the fire — slowing its spread.,
NUR116,2053,NUR116_T09,NPSGs — what is the universal protocol for surgery?,2 identifiers → mark the surgical site → perform a time-out before the procedure to confirm correct client / correct site / and correct procedure.,
NUR116,2054,NUR116_T09,"NPSGs — what does ""use medications safely"" require?",Label all medications / extra caution with anticoagulants (warfarin/heparin) / medication reconciliation at admission-discharge-transfer,
NUR116,2055,NUR116_T09,NPSGs — what does the suicide risk goal require?,Screen all patients 12+ admitted for behavioral health using a validated tool / remove harmful items from room / round-the-clock surveillance for at-risk clients,
NUR116,2056,NUR116_T10 | NUR116_WRAPUP,What are the 6 Braden Scale categories?,Sensory perception / Moisture / Activity / Mobility / Nutrition / Friction and shear,
NUR116,2057,NUR116_T10,What is wound dehiscence?,Wound edges separate — the wound reopens.,
NUR116,2058,NUR116_T10,What is the nursing intervention frequency for repositioning?,Every 2 hours minimum to prevent pressure injuries.,
NUR116,2059,NUR116_T11,What is cancer pain?,A recognized category of pain including tumor pain / bone pain / and treatment-associated pain (chronic post-surgical pain / chemo effects).,
NUR116,2060,NUR116_T11,What is a Nonverbal Pain Scale used for?,For clients who cannot verbalize pain — originally developed for burn units / now used in critical care for sedated or ventilated patients.,
NUR116,2061,NUR116_T11,Cutaneous stimulation for pain — what are examples?,Heat / cold / touch / massage / acupuncture / acupressure / TENS (transcutaneous electrical nerve stimulation),
NUR116,2062,NUR116_T11,Cognitive strategies for pain — what are examples?,Distraction / relaxation / guided imagery / music therapy. Do NOT require a provider prescription — nurses can implement independently.,
NUR116,2063,NUR116_T12,Sleep hours by age — fill in: newborns / infants / toddlers / school-age / adolescents?,Newborns = 14-17 hrs / Infants = 12-15 hrs / Toddlers = 11-14 hrs / School-age = 9-11 hrs / Adolescents = 8-10 hrs,
NUR116,2064,NUR116_T12,What is hypersomnia?,Excessive daytime fatigue NOT improved by more sleep. Poor memory / depression / short attention span / irritability. Cause often unknown.,
NUR116,2065,NUR116_T12,What is restless leg syndrome (Willis-Ekbom disease)?,Uncontrollable urge to move legs with uncomfortable sensation. Symptoms worsen in evening and at bedtime. Avoid caffeine / nicotine / alcohol. Can occur with iron or vitamin deficiencies.,
NUR116,2066,NUR116_T12,What promotes sleep (key interventions)?,Avoid caffeine/alcohol/nicotine 4-6 hours before bed / dark quiet cool room / consistent sleep schedule / naps under 30 minutes / exercise at least 3 hours before bed,
NUR116,2067,NUR116_T12,Contraindications to massage therapy?,Burns / wounds / patients on blood thinners (warfarin),
NUR116,2068,NUR116_T13,What is the cardiovascular diet sodium limit?,Decrease sodium intake — limit to reduce hypertension and heart disease risk.,
NUR116,2069,NUR116_T13,What does a post-surgery diet focus on and why?,Increase PROTEIN — needed to repair tissues and aid healing after surgery.,
NUR116,2070,NUR116_T13,What is a soft diet used for?,Soft / low-fiber / easy-to-digest foods. May be prescribed long-term for clients with dysphagia.,
NUR116,2071,NUR116_T13,What is a regular diet?,No dietary restrictions — consists of healthy foods from all food groups.,
NUR116,2072,NUR116_T13 | NUR116_WRAPUP,Why should you NEVER lower the HOB to flat during a tube feeding?,Increases aspiration risk. HOB must stay at 30-45° during tube feedings and for at least 1 hour after bolus feedings.,
NUR116,2073,NUR116_T13,What are the Mendelsohn maneuver and supraglottic swallow?,Supraglottic swallow = hold breath → swallow → cough to clear residual. Mendelsohn maneuver = hold the swallow for 2-3 seconds then complete it. Both are dysphagia swallowing techniques.,
NUR116,2074,NUR116_T14,What is functional incontinence and an example?,Physical inability to reach the toilet in time due to physical impairment. Example: wheelchair-bound patient or arthritis of hands limiting ability to unbutton clothing.,
NUR116,2075,NUR116_T14 | NUR116_WRAPUP,Constipation interventions — list all from the wrap-up.,High-fiber diet / adequate fluids / exercise / bowel training / stool softeners / assist to toilet promptly when needed.,
NUR116,2076,NUR116_T14 | NUR116_WRAPUP,What does FOBT stand for and what does it test?,Fecal Occult Blood Test — checks stool for hidden (occult) blood. Test turns BLUE if blood is present.,
NUR116,2077,NUR116_T15 | NUR116_WRAPUP,What are adventitious stressors?,"Rare and unexpected events — natural disasters (floods/earthquakes/war), interpersonal disasters (assault), and acts of terrorism.",
NUR116,2079,NUR116_T16,What is self-concept and what shapes it?,How people perceive or think about themselves — a learned behavior shaped by: life experiences / heredity / cultural attitudes / academic achievement / career / role performance / relationships / health status. Most flexible during early development.,
NUR116,2080,NUR116_T16,What are the 4 components of self-concept?,Body image (perception of own physical appearance) / Role performance / Personal identity / Self-esteem,
NUR116,2081,NUR116_T17,What is the dual process model of grief?,Grief oscillates between two stressors: loss-oriented (intense emotions about the loss itself) and restoration-oriented (coping with secondary losses and rebuilding life). Moving between both is healthy.,
NUR116,2082,NUR116_T17,What are the age-related grief responses for preschoolers vs adolescents?,Preschoolers = view death as temporary and reversible / magical thinking / may believe their thoughts caused the death. Adolescents = full understanding of death / may rely more on peers / may appear dismissive or act out.,
NUR116,2083,NUR116_T18,What are the 4 phases of a therapeutic relationship?,Orientation (client reaches out) → Identification (establish respectful relationship) → Exploitation (active phase / nurse educates client) → Termination (issue resolved / relationship ends),
NUR116,2084,NUR116_T18,Verbal vs nonverbal communication — which takes precedence when they conflict?,NONVERBAL takes precedence — body language often outweighs what is being said verbally.,
NUR116,2085,NUR116_T18,What are the modes of communication?,Verbal (oral / face-to-face / telephone) / Nonverbal (body language) / Electronic (email/texting/video) / Written (letters/email),
NUR116,2086,NUR116_T19,What is the teach-back method?,Asking the client to explain information back in their own words to verify understanding.,
NUR116,2087,NUR116_T19,Who requires client education per the Joint Commission?,Client education is a TJC requirement for hospital accreditation. Effectively educated clients have less anxiety / less pain / fewer unpleasant hospital experiences.,
NUR116,2088,NUR116_T19,What should the nurse assess BEFORE teaching?,Readiness to learn — includes emotional state / physical condition / motivation / health literacy / language / barriers,
NUR116,2089,NUR116_T20 | NUR116_WRAPUP,What does a Social Worker do in healthcare?,Collaborates with the interprofessional team to find solutions to client challenges / advocates for resources / helps resolve issues.,
NUR116,2090,NUR116_T20,What does a Physical Therapist focus on vs Occupational Therapist?,PT = GROSS motor skills (walking/balance/strength/pain). OT = FINE motor skills (dressing/cooking/writing) and return to daily living and work.,
NUR116,2091,NUR116_T21,Musculoskeletal changes in older adults?,Loss of bone and muscle mass / joint stiffness / diminished ROM / spinal curvature / postural changes → increased fall risk. Menopausal women lose bone faster → osteoporosis risk.,
NUR116,2092,NUR116_T21,Cardiovascular changes in older adults?,Heart valves thicken and become more rigid / loss of elasticity in blood vessels / increased hypertension risk / increased susceptibility to cardiac and respiratory disorders.,
NUR116,2093,NUR116_T21,Integumentary changes in older adults?,Skin loses elasticity / becomes thinner-drier-more fragile / loss of subcutaneous fat / nails become brittle / hair loss common,
NUR116,2094,NUR116_T21,What is gerontology?,The multidisciplinary study of aging across the lifespan.,
NUR116,2095,NUR116_T22,What is a cultural health assessment?,A type of data collection to gather information about the client's culture and how it affects their health.,
NUR116,2096,NUR116_T22,What is Leininger's Sunrise Enabler?,A visual tool to help nurses provide culturally congruent care by considering all cultural factors that influence a client's health and well-being.,
NUR116,2097,NUR116_T22,Health disparities — what are social determinants of health?,Factors that influence health outcomes: economic stability / education / social context / healthcare access / neighborhood and environment,
NUR116,2098,NUR116_T23,What is the nurse's responsibility regarding herbal supplements?,Include ALL supplements in nursing assessment / list alongside medications / encourage patient to disclose to provider / do not judge. Herbals and vitamins are regulated as FOOD not medicine.,
NUR116,2099,NUR116_T23,Complementary vs alternative vs integrative therapy?,Complementary = IN CONJUNCTION with prescribed treatment. Alternative = INSTEAD OF prescribed treatment. Integrative = combines conventional and evidence-based CAM approaches.,
NUR116,2100,NUR116_T24,What are the advantages of EHRs (electronic health records)?,Real-time access by all interprofessional team members / reduces errors / built-in clinical alerts / improved coordination / more reliable coding and billing,
NUR116,2101,NUR116_T24,What are guidelines for accurate documentation?,Must be accurate / complete / factual / and timely. Never falsify records. Document only what actually occurred.,
NUR116,2102,NUR116_T24,What are examples of falsification of health records?,Not documenting a client assessment / not documenting communication with team / documenting inaccurate assessment data / documenting care that did not actually occur,
NUR116,2103,NUR116_T25,Primary vs secondary vs tertiary prevention — an example of each?,Primary = immunizations / health teaching (before disease). Secondary = mammograms / blood pressure screenings (early detection). Tertiary = cardiac rehab / diabetes management (after disease established).,
NUR116,2104,NUR116_T25,What is the WHO definition of health promotion?,A way to empower people to control and improve their physical and mental health. Focus = create access to healthy options and address imbalances from social injustice / poverty / racial injustice / lack of resources.,
NUR116,2105,NUR116_T25,What are levels of prevention in order?,Primary (prevent disease before it occurs) → Secondary (early detection and treatment) → Tertiary (reduce impact of established disease / minimize disability),
NUR116,2254,NUR116_T13 | NUR116_WRAPUP,Dysphagia — what are the positioning rules during meals?,HOB at 90° (sit fully upright) / chin tuck while swallowing / follow bites with liquids,
NUR116,2255,NUR116_T13 | NUR116_WRAPUP,Dysphagia — what are the preparation interventions before feeding?,Toilet patient first / remove clutter / dentures if needed / hearing aids if needed / encourage self-feeding / use assistive devices,
NUR116,2256,NUR116_T13 | NUR116_WRAPUP,Dysphagia — what do you monitor for during feeding?,Check for pocketing of food in cheeks / thicken liquids as ordered / monitor for coughing (early sign of aspiration),
NUR116,2257,NUR116_T13 | NUR116_WRAPUP,What does a clear liquid diet include?,Broth / water / gelatin / clear liquids only. Avoid red coloring for colon procedures and tonsillectomies.,
NUR116,2258,NUR116_T13 | NUR116_WRAPUP,What does a full liquid diet include?,Everything in clear liquid PLUS ice cream / yogurt / pudding / milkshakes / strained soups / protein shakes / gelatin.,
NUR116,2259,NUR116_T13 | NUR116_WRAPUP,What does a pureed diet include?,Smooth foods requiring no chewing — yogurt / pudding / mashed potatoes / pureed meats / broths / ice cream / juices without pulp / baby food,
NUR116,2260,NUR116_T15 | NUR116_WRAPUP,Physiological stress response — cardiovascular and metabolic changes?,Increased BP / increased heart rate / increased blood sugar,
NUR116,2261,NUR116_T15 | NUR116_WRAPUP,Physiological stress response — respiratory and neurological changes?,Increased oxygen consumption (tachypnea / bronchial tubes dilate) / pupil dilation / increased alertness,
NUR116,2262,NUR116_T09 | NUR116_WRAPUP,Hendrich II: Male gender + benzodiazepine + dizziness = how many criteria?,3 criteria.,
NUR116,2263,NUR116_T09 | NUR116_WRAPUP,Hendrich II: Symptomatic depression + urinary urgency + antiepileptic = how many criteria?,3 criteria.,
NUR116,2264,NUR116_T09 | NUR116_WRAPUP,What does the Get-Up-and-Go Test assess and which risk tool includes it?,Assesses ability to rise from a chair and walk — one of the 8 criteria of the Hendrich II Fall Risk Model.,
NUR116,2265,NUR116_T17 | NUR116_WRAPUP,What is the Denial stage of grief?,Refuses to believe reality to lessen pain. Often feels numb and shocked. Can include seeking second opinions.,
NUR116,2266,NUR116_T17 | NUR116_WRAPUP,What is the Anger stage of grief?,Blames others and directs hostility at loved ones and caregivers as a way of releasing emotional discomfort.,
NUR116,2267,NUR116_T17 | NUR116_WRAPUP,What is the Bargaining stage of grief?,Negotiates with a higher power in exchange for a different outcome. Guilt is common.,
NUR116,2268,NUR116_T17 | NUR116_WRAPUP,What is the Depression stage of grief?,"Reality sets in — profound sadness, withdrawal. Natural and appropriate response to loss.",
NUR116,2269,NUR116_T17 | NUR116_WRAPUP,What is the Acceptance stage of grief?,Still feels pain but believes all will eventually be well. Does not mean happiness.,
NUR116,2270,NUR116_T11 | NUR116_WRAPUP,A 4-year-old cannot verbally rate their pain. Which pain scale should the nurse use?,FLACC Scale — observational tool for children 2 months to 7 years and cognitively disabled patients.,
NUR116,2271,NUR116_T11 | NUR116_WRAPUP,What is the CRIES pain scale and who is it used for?,Observational pain scale for infants born at 38 weeks gestation or greater.,
NUR116,2272,NUR116_T01 | NUR116_WRAPUP,What is the primary goal of shared governance?,To move nurses from the point of care to the decision-making table — giving nurses control over their own practice.,
NUR116,2273,NUR116_T01 | NUR116_WRAPUP,What are the most significant clinical outcomes of shared governance?,Improved client outcomes / better work environments / higher job satisfaction.,
NUR116,2274,NUR116_T13 | NUR116_WRAPUP,What is overt aspiration?,"Visible symptoms: cough, wheezing, trouble breathing, fever, congestion, throat clearing, or chest discomfort.",
NUR116,2275,NUR116_T13 | NUR116_WRAPUP,What is silent aspiration?,"No obvious symptoms — detected only by vital sign changes (decreased SpO₂, increased HR, BP, RR, or fever ≥38°C).",
NUR116,2276,NUR116_T06 | NUR116_WRAPUP,Do physical restraints reduce falls?,NO — restraints do not reduce falls. They cause physical harm (pressure ulcers / nerve damage / contractures) and emotional harm (anger / fear / humiliation).,
NUR116,2277,NUR116_T06 | NUR116_WRAPUP,What is the ANA standard of care regarding restraints?,Restraint-free environment is the standard. Restraints are a last resort and never resolve the underlying problem.,
NUR116,2278,NUR116_T08 | NUR116_WRAPUP,What is assault in nursing/legal terms?,Making a client feel fearful of harm or offensive contact. Physical contact is NOT required. Example: threatening a patient with restraints.,
NUR116,2279,NUR116_T08 | NUR116_WRAPUP,What is battery in nursing/legal terms?,"An act that results in actual harm or injury to a client (illegal restraint, inappropriate touch, wrong-site surgery). Usually treated as a criminal offense.",
NUR116,2280,NUR116_T08 | NUR116_WRAPUP,What is informed consent?,Voluntary permission to receive care after the client is made aware of risks and benefits — given without coercion.,
NUR116,2281,NUR116_T08 | NUR116_WRAPUP,What is implied consent?,Assumed when a patient cannot consent and delay would pose increased risk to life. Example: unconscious patient in the ED.,
NUR116,2282,NUR116_T13 | NUR116_WRAPUP,When is an NG tube used?,Short-term nutritional support when the stomach is functioning normally. Placed by nurses at the bedside.,
NUR116,2283,NUR116_T13 | NUR116_WRAPUP,When is an NJ tube used?,Short-term nutritional support when the stomach CANNOT tolerate feeding. Bypasses the stomach and delivers to the jejunum.,
NUR116,2284,NUR116_T13 | NUR116_WRAPUP,When is a G-tube used?,"Long-term or permanent nutritional support, placed surgically, regardless of the reason.",
NUR116,2285,NUR116_T08 | NUR116_WRAPUP,What is a living will?,A document where a patient states which life-sustaining treatments they want or do not want if they become incapacitated.,
NUR116,2286,NUR116_T08 | NUR116_WRAPUP,What is a durable power of attorney for healthcare?,A document where a patient appoints someone to make healthcare decisions on their behalf if they are unable to.,
NUR116,2287,NUR116_T19 | NUR116_WRAPUP,What is the cognitive learning domain?,"The thinking domain — knowledge, understanding, and recall. Example: explaining why a medication is taken.",
NUR116,2288,NUR116_T19 | NUR116_WRAPUP,What is the psychomotor learning domain?,"The action domain — physical movement, skills, coordination, and use of the senses. Example: teaching a patient to self-inject insulin.",
NUR116,2289,NUR116_T19 | NUR116_WRAPUP,What is the affective learning domain?,"The emotional domain — feelings, attitudes, and values. Must be addressed before cognitive or psychomotor learning can occur.",
NUR116,2290,NUR116_T11 | NUR116_WRAPUP,A cognitively disabled adult cannot verbalize pain. Which observational pain scale is used?,FLACC Scale — used for children 2 months to 7 years AND cognitively disabled patients of any age.,
NUR116,2291,NUR116_T11 | NUR116_WRAPUP,A neonate born at 40 weeks is post-surgical and cannot verbalize pain. Which pain scale is used?,CRIES Scale — observational scale for infants born at 38 weeks gestation or greater.,
NUR116,2292,NUR116_T20 | NUR116_WRAPUP,What does a Physical Therapist (PT) do?,"Works on gross motor skills — walking, balance, strength, and movement. Helps improve mobility and alleviate pain.",
NUR116,2293,NUR116_T20 | NUR116_WRAPUP,What does an Occupational Therapist (OT) do?,"Works on fine motor skills and daily living activities — dressing, cooking, writing, returning to work.",
NUR116,2294,NUR116_T06 | NUR116_WRAPUP,What are examples of physical restraints?,"Ties, straps, vests, and mitts. Casts, traction, and holding for a procedure are NOT restraints.",
NUR116,2295,NUR116_T06 | NUR116_WRAPUP,What are chemical restraints?,"Medications used to sedate or control behavior (benzodiazepines, antipsychotics). Require a provider order.",
NUR116,2296,NUR116_T14 | NUR116_WRAPUP,Where must the Foley catheter drainage bag always be positioned?,"Below the level of the bladder at all times — never on the floor, never above the bladder.",
NUR116,2297,NUR116_T14 | NUR116_WRAPUP,How is a Foley catheter secured to prevent tension on the urethra?,Taped to the patient's leg.,
NUR116,2298,NUR116_T14 | NUR116_WRAPUP,Why must a Foley catheter maintain a closed drainage system?,Breaking the closed system introduces bacteria and increases risk of CAUTI (catheter-associated UTI).,
NUR116,2299,NUR116_T14 | NUR116_WRAPUP,How often should the urinary meatus be cleaned in a patient with a Foley catheter?,At least once daily with soap and water — more often if soiled.,
NUR116,2300,NUR116_T15 | NUR116_WRAPUP,What is Acute Stress Disorder (ASD)?,"An intense, dysfunctional reaction to trauma with symptoms lasting LESS than one month.",
NUR116,2301,NUR116_T15 | NUR116_WRAPUP,What is PTSD?,A prolonged stress reaction to trauma with symptoms lasting MORE than one month. Symptoms can be delayed and may become chronic.,
NUR116,2302,NUR116_T13 | NUR116_WRAPUP,When is TPN used?,When the GI tract cannot absorb or tolerate adequate nutrition. Nutrition is delivered intravenously into a large vein.,
NUR116,2303,NUR116_T13 | NUR116_WRAPUP,When is a G-tube used vs an NG tube?,G-tube = long-term or permanent. NG tube = short-term with functioning stomach. Key difference: duration of need.,
NUR116,2304,NUR116_T13 | NUR116_WRAPUP,When is an NG tube used vs a G-tube?,"NG tube = short-term, placed by nurses. G-tube = long-term or permanent, placed surgically.",
NUR116,2305,NUR116_T13 | NUR116_WRAPUP,When is an NJ tube used vs an NG tube?,NJ tube = short-term when stomach CANNOT tolerate feeding. NG tube = short-term when stomach IS functioning.,
NUR116,2306,NUR116_T10 | NUR116_WRAPUP,What defines a Stage 3 pressure injury?,"Full-thickness skin loss. Subcutaneous fat may be visible but NO bone, tendon, or muscle is exposed.",
NUR116,2307,NUR116_T10 | NUR116_WRAPUP,What defines a Stage 4 pressure injury?,"Full-thickness skin AND tissue loss with bone, tendon, or muscle exposed or directly palpable.",
NUR116,2308,NUR116_T09 | NUR116_WRAPUP,"On the Braden Scale, what does a lower score indicate?",Greater risk for pressure injury. Lower score = greater risk.,
NUR116,2309,NUR116_T09 | NUR116_WRAPUP,What are the 6 categories of the Braden Scale?,Sensory perception / Moisture / Activity / Mobility / Nutrition / Friction and shear,
NUR116,2310,NUR116_T14 | NUR116_WRAPUP,What defines constipation?,"Fewer than three bowel movements per week with stools that are hard, lumpy, and difficult to pass.",
NUR116,2311,NUR116_T14 | NUR116_WRAPUP,Which constipation symptoms require immediate medical attention?,Fever / GI bleeding / abdominal pain / vomiting / low back pain / unexplained weight loss.,
NUR116,2312,NUR116_T05 | NUR116_WRAPUP,What is an actual nursing diagnosis?,Problem is happening NOW. Written in PES format: Problem + Etiology + Signs/Symptoms.,
NUR116,2313,NUR116_T05 | NUR116_WRAPUP,What is a risk nursing diagnosis?,Problem has NOT occurred yet. Written as Problem + Risk Factors. No signs/symptoms listed.,
NUR116,2314,NUR116_T05 | NUR116_WRAPUP,What is a health promotion nursing diagnosis?,Patient is ready and motivated to improve their health status. No problem exists — patient wants to enhance wellness.,
NUR116,2315,NUR116_T08 | NUR116_WRAPUP,What is Beneficence?,The nurse's obligation to minimize harm AND actively practice in a way that benefits the client — going above what is required.,
NUR116,2316,NUR116_T08 | NUR116_WRAPUP,What is Nonmaleficence?,The nurse's obligation to do no harm — or the least amount of harm while achieving the best possible outcome.,
NUR116,2317,NUR116_T08 | NUR116_WRAPUP,What does the Good Samaritan Law protect?,Protection from negligence claims when providing care outside employment without expectation of payment. Laws vary by state.,
NUR116,2318,NUR116_T08 | NUR116_WRAPUP,What three things void Good Samaritan protection?,Receiving compensation / being negligent / practicing outside scope of practice.,
NUR116,2319,NUR116_T11 | NUR116_WRAPUP,What are the most dangerous opioid side effects to monitor?,Respiratory depression and orthostatic hypotension. Monitor respiratory rate and blood pressure.,
NUR116,2320,NUR116_T11 | NUR116_WRAPUP,What are the common opioid side effects?,Sedation / constipation / nausea and vomiting / itching / rashes / flushing.,
NUR116,2321,NUR116_T13 | NUR116_WRAPUP,Which vitamins are fat-soluble and what do they need to be absorbed?,"A, D, E, K — fat must be present in the diet to absorb them.",
NUR116,2322,NUR116_T13 | NUR116_WRAPUP,Which vitamins are water-soluble and how are they different from fat-soluble?,"C and B complex — not stored in the body, must be replaced regularly through diet.",
NUR116,2323,NUR116_T17 | NUR116_WRAPUP,What is anticipatory grief?,Grief experienced BEFORE an expected loss — when a loss is anticipated (e.g. terminal diagnosis).,
NUR116,2324,NUR116_T17 | NUR116_WRAPUP,What is disenfranchised grief?,"Grief for a loss not recognized by society as worthy of grief. The person grieves alone. Examples: pet loss, miscarriage, suicide loss.",
NUR116,2325,NUR116_T15 | NUR116_WRAPUP,What is a socioeconomic stressor? Give an example.,"Stress from poverty, low SES, or homelessness. Example: patient cannot afford medications.",
NUR116,2326,NUR116_T15 | NUR116_WRAPUP,What is a cultural stressor? Give an example.,Stress from not culturally fitting in or receiving care that ignores cultural beliefs. Example: healthcare team ignores patient's traditional healing practices.,
NUR116,2327,NUR116_T17 | NUR116_WRAPUP,What is the Denial stage of grief?,"Refuses to believe reality to lessen pain. May feel numb or shocked. Example: ""The lab must be wrong.""",
NUR116,2328,NUR116_T17 | NUR116_WRAPUP,What is the Bargaining stage of grief?,"Negotiates with a higher power in exchange for a different outcome. Guilt is common. Example: ""If I survive, I promise I will help others.""",
NUR116,2329,NUR116_T17 | NUR116_WRAPUP,What is normal grief?,Grief lasting several months to a year that gradually lessens in intensity over time. Experienced differently by everyone.,
NUR116,2330,NUR116_T17 | NUR116_WRAPUP,What is prolonged grief disorder?,Grief lasting longer than 6 months that significantly impairs daily functioning. Marked by inability to accept the death and preoccupation with the deceased.,
NUR116,2331,NUR116_T17 | NUR116_WRAPUP,What is the Anger stage of grief?,Blames others and directs hostility at loved ones and caregivers as a way of releasing emotional discomfort.,
NUR116,2332,NUR116_T17 | NUR116_WRAPUP,What is the Depression stage of grief?,"Reality sets in — profound sadness, withdrawal from others, sense of immense loss. Natural and appropriate.",
NUR116,2333,NUR116_T08 | NUR116_WRAPUP,What is EMTALA and why was it enacted?,Emergency Medical Treatment and Labor Act — enacted to stop patient dumping. Every ED patient must receive a Medical Screening Exam regardless of ability to pay.,
NUR116,2334,NUR116_T08 | NUR116_WRAPUP,"Under EMTALA, what must happen before a patient is transferred?","The hospital must stabilize the patient first. If unable to stabilize, the physician must sign off that benefits of transfer outweigh the risks.",
NUR116,2335,NUR116_T01 | NUR116_WRAPUP,Licensure by endorsement vs compact license — what is the difference?,Endorsement = applying to practice in another state. Compact license = automatically licensed in all compact states under one multistate license.,
NUR116,2336,NUR116_T15 | NUR116_WRAPUP,What is a situational stressor?,"Stress created by personal, family, or work-related issues (job loss, chronic illness, financial strain, death of a family member).",
NUR116,2337,NUR116_T15 | NUR116_WRAPUP,What is a developmental stressor?,"Stress that occurs as an individual moves through the stages of life (retirement, marriage, parenthood, aging).",
NUR116,2338,NUR116_T15 | NUR116_WRAPUP,What is an adventitious stressor?,"Rare and unexpected disaster events — natural disasters, physical or sexual assault, acts of terrorism.",
NUR116,2339,NUR116_T15 | NUR116_WRAPUP,What is a socioeconomic stressor?,"Stress from poverty, low socioeconomic status (SES), or homelessness.",
NUR116,2340,NUR116_T15 | NUR116_WRAPUP,What is a cultural stressor?,Stress from living in a society where one does not culturally fit and/or receiving care that ignores cultural beliefs.,
NUR116,2341,NUR116_T13 | NUR116_WRAPUP,Why are straws contraindicated for patients with dysphagia?,Straws increase aspiration risk by sending liquid too quickly to the back of the throat before the swallow reflex can activate.,
NUR116,2342,NUR116_T11 | NUR116_WRAPUP,What does CRIES stand for?,C — Crying / R — Requires O₂ for saturation >95% / I — Increased vital signs (HR and BP) / E — Expression (facial grimace) / S — Sleepless,
