"Where do endocrine glands release their secretions, and where do exocrine glands release theirs?","Endocrine glands secrete hormones directly into the bloodstream; exocrine glands secrete substances into ducts, onto an epithelial surface or into the GI tract.<br><br><i>Because endocrine secretion enters the blood, it can act on any cell anywhere that carries a receptor for that hormone. Duct delivery limits an exocrine secretion to where the duct empties. Exocrine examples: sweat, tears, saliva, breast milk, digestive juices; sebaceous, mammary and sudoriferous glands.</i>",NUR146
"Name the THREE non-glandular tissues that produce hormones, and the hormone each makes.","GI mucosa (gastrin, enterogastrone, secretin, cholecystokinin), kidneys (erythropoietin), and white blood cells (cytokines).<br><br><i>Hormones are generally produced by endocrine glands but not exclusively. GI hormones drive digestion, erythropoietin tells bone marrow to make red cells, and cytokines are hormone-like proteins driving inflammatory and immune responses. This is why dialysis and CKD patients receive epoetin injections: the failing kidney stops making erythropoietin.</i>",NUR146
"A dialysis patient receives weekly epoetin injections. Which hormone are they replacing, and which organ normally makes it?","Erythropoietin, normally produced by the kidneys.<br><br><i>Erythropoietin stimulates the bone marrow to produce red blood cells. Kidney disease destroys that production, so the anemia of CKD is an endocrine deficiency, not a nutritional one.</i>",NUR146
"Compare the speed of hormonal signaling with nervous system signaling, and state how the two systems relate.","Hormones act slowly; neurotransmitters act rapidly. The two systems work together, with slow hormonal action balancing rapid nervous action.<br><br><i>This dual system allows precise control of organ function in response to changes inside and outside the body. Some chemicals cross over: epinephrine is released as a neurotransmitter by the nervous system and also functions as a hormone.</i>",NUR146
What determines whether a circulating hormone can act on a given cell?,"Whether that cell has a receptor for that specific hormone; a cell with the receptor is the target tissue.<br><br><i>Hormones travel everywhere in the blood but act only where receptors exist. This explains why thyroid hormone has widespread effects (receptors in nearly all tissue, driving metabolism) while FSH or MSH have limited effects.</i>",NUR146
"Name the FOUR structural categories of hormones in the textbook, with an example of each.","Amines and amino acids (epinephrine, thyroid hormones); peptides, polypeptides, proteins and glycoproteins (ADH, insulin, TSH); steroids (cortisol); and fatty acid derivatives (eicosanoids, retinoids).<br><br><i>In lecture this was taught as seven groups, splitting the second category into peptides, polypeptides, proteins and glycoproteins; the textbook groups them as one. Steroids are built from cholesterol and cross the cell membrane; peptide and protein hormones act at the cell surface.</i>",NUR146
"Which structural class of hormone is built from cholesterol, is produced by the adrenal cortex, and is described as essential for life?","Steroids.<br><br><i>Includes cortisol and the other corticosteroids, plus testosterone, estrogen and progesterone. Their cholesterol backbone makes them lipid-soluble, which is why they cross the cell membrane rather than acting at the surface.</i>",NUR146
"Why do steroid hormones take hours to act while peptide hormones act within seconds to minutes, and what is the second messenger in the peptide pathway?","Steroids cross the cell membrane and change protein synthesis, which takes hours; peptides bind a surface receptor and act through the second messenger cyclic AMP, altering existing enzyme activity within seconds to minutes.<br><br><i>Peptide pathway: surface receptor, adenyl cyclase stimulated, cyclic AMP rises, enzyme activity altered; the hormone never enters the cell. Steroids are small and lipid-soluble, bind intracellular receptors, and modify mRNA formation, so new protein must be built first. Amine hormones act like peptides.</i>",NUR146
"Distinguish tropic from non-tropic hormones by target and effect, giving an example of each.","Tropic hormones target other endocrine glands and stimulate those glands to produce and secrete their own hormones (TSH, ACTH, FSH, LH, MSH). Non-tropic hormones target cells, tissues and organs and stimulate cellular growth, metabolism or other functions (thyroxine, cortisol).<br><br><i>A tropic hormone is a middle manager telling another gland to work; a non-tropic hormone does the work itself on tissue. The main function of TSH, ACTH, FSH and LH is releasing hormones from other glands, which is why all four are tropic.</i>",NUR146
List the FOUR triggers for hormone release given in lecture.,"Stress, the nervous system, decreasing blood levels of the hormone (negative feedback loop), and tropic or regulatory hormones.<br><br><i>Tropic hormones trigger release because their target cells sit on other endocrine glands, so one hormone results in the release of another. Examples given: TSH, FSH, LH, ACTH.</i>",NUR146
"What is the goal of negative feedback, what shuts the loop off, and how does the blood glucose loop demonstrate it?","The goal is homeostasis, and the loop shuts off when the set point is reached. Glucose rises, insulin promotes glucose uptake, glucose drops, glucagon promotes glycogen breakdown, and glucose rises back toward normal.<br><br><i>Rising hormone concentration inhibits further production; falling concentration increases it. Insulin does not run until glucose is gone, it runs until glucose returns to the set point. Thermostat analogy: set to 74 degrees, the AC runs when too hot, the heat when too cold, and both shut off at 74.</i>",NUR146
"What drives a positive feedback loop, what is the only thing that stops it, and what are the TWO primary examples on the slide?","The continued presence of the stimulus drives further release of the same hormone, and only removing the stimulus stops it; the two examples are oxytocin and blood clotting.<br><br><i>There is no set point and the goal is NOT homeostasis, which is how you tell it apart from negative feedback. Labor is the classic case: cervical stretching triggers oxytocin, which strengthens contractions, which stretches the cervix further. Breastfeeding works the same way. CONFLICT: the lecture attributed the breastfeeding loop to prolactin; the slide and textbook assign milk ejection to oxytocin and milk production to prolactin. Answer oxytocin. Nearly every disorder in this unit involves negative, not positive, feedback.</i>",NUR146
"What are the two alternate names for the pituitary gland, and where is it located?","The hypophysis and the master gland; it is located on the inferior aspect of the brain.<br><br><i>It is called the master gland because its tropic hormones control secretion by other endocrine glands. It measures about 1.27 cm (half an inch), roughly the size of a pea, and is divided into anterior and posterior lobes, connected to and controlled by the hypothalamus via the pituitary stalk.</i>",NUR146
Name the SIX major hormones of the anterior pituitary.,"FSH, LH, prolactin, ACTH, TSH, and growth hormone.<br><br><i>Memory strategy from lecture: learn the two posterior hormones (ADH and oxytocin) and everything else belongs to the anterior lobe. Anterior secretion is controlled by releasing factors from the hypothalamus, delivered through the pituitary portal blood system.</i>",NUR146
"Name the TWO hormones of the posterior pituitary, and state where each is actually produced.","Vasopressin (ADH) and oxytocin; both are produced in the hypothalamus and only stored in the posterior pituitary.<br><br><i>This is a classic test point: the posterior pituitary is a storage depot, not a manufacturer. They are synthesized in the hypothalamus and travel down for storage and release.</i>",NUR146
"Which hormone does the pineal gland secrete, and what does it affect?","Melatonin, which affects reproductive function.<br><br><i>The professor stated explicitly that the pineal gland receives minimal coverage in this course. Know the hormone and move on.</i>",NUR146
"What do T3 and T4 do, how many iodine atoms does each contain, and how are they carried in the blood?","They increase overall metabolic rate and affect growth, development and metabolism of body cells; T4 has four iodine atoms and T3 has three, and T3 is about five times as potent as T4 with a more rapid action; both travel bound to proteins until needed.<br><br><i>T4 is relatively weak and keeps metabolism in a steady state; T3 is the potent, fast-acting form. Thyroid hormone affects basal metabolic rate, heat production, serum cholesterol and vascular resistance, and is needed for brain development and normal growth. Binding proteins: thyroxine-binding globulin, transthyretin and albumin; only free hormone is active. The three substances key to thyroid function are T3 and T4, calcitonin and iodine.</i>",NUR146
"Which thyroid hormone lowers plasma calcium, what triggers its release, and where does the calcium go?","Calcitonin; it is secreted in response to high plasma calcium, and the calcium is redeposited into bone.<br><br><i>Calcitonin (thyrocalcitonin) tones calcium down and is the mirror image of parathormone, which raises serum calcium. PTH is regulated by ionized calcium the other way: rising calcium decreases PTH. The two hormones come from glands in the same area but oppose each other.</i>",NUR146
"Trace the hypothalamic-pituitary-thyroid axis, naming the hormone released at each of the three levels.","The hypothalamus releases TRH, which causes the anterior pituitary to release TSH, which causes the thyroid to release T3 and T4; T3 and T4 then exert negative feedback on both the anterior pituitary and the hypothalamus.<br><br><i>This loop is why TSH (also called thyrotropin) is the screening test. A failing thyroid produces less T3 and T4, which removes inhibition, so TSH rises. Euthyroid means normal thyroid hormone production. Environmental factors feed in too: a drop in temperature increases TRH and so raises thyroid hormone output.</i>",NUR146
Iodine deficiency produces an enlarged thyroid gland. Trace the mechanism.,"Low iodine lowers circulating thyroid hormone, which removes negative feedback and raises TSH, and the elevated TSH drives overproduction of thyroglobulin and hypertrophy of the gland, producing a goiter.<br><br><i>This is a negative feedback loop failing to reach its set point: the pituitary keeps pushing because the thyroid can never deliver without iodine. Goiter also occurs with oversecretion of thyroid hormone, so an enlarged gland by itself does not tell you the direction of the imbalance.</i>",NUR146
"How many parathyroid glands are there, where are they located, and are they part of the thyroid?","Normally four, located on the posterior aspect of the thyroid and sometimes embedded in thyroid tissue; they are separate endocrine glands, not part of the thyroid.<br><br><i>Their position is why thyroidectomy risks removing them. In the case described in lecture, two parathyroids were embedded in an enlarged thyroid and had to be removed with it and auto-transplanted back into the patient, causing lasting parathyroid problems.</i>",NUR146
"Which hormone do the parathyroid glands produce, what does an increase do to serum calcium and phosphorus, and what routine lab finding usually points you to them?","Parathormone (PTH); increased PTH raises serum calcium and lowers serum phosphorus; an elevated calcium on a routine basic metabolic panel is the usual clue.<br><br><i>PTH raises calcium by increasing absorption from the kidney, intestine and bone, and some of its actions are increased by vitamin D. Calcium and phosphorus move in opposite directions. Feedback runs off serum ionized calcium: rising calcium decreases PTH secretion. Excess PTH can raise calcium to life-threatening levels. PTH and calcitonin oppose each other, since calcitonin lowers calcium by moving it into bone.</i>",NUR146
"Where are the adrenal glands located, what is their other name, and do the two glands depend on each other?","Above the kidneys; also called the suprarenal glands; they work independently, so one can be removed and the other takes over all the work.<br><br><i>Supra means above, renal means kidney. Independence matters clinically: unilateral adrenalectomy does not create hormone deficiency, while bilateral loss does.</i>",NUR146
"Compare the adrenal medulla and the adrenal cortex: what each secretes, and which one is essential for life.","The medulla secretes the catecholamines epinephrine and norepinephrine as part of the sympathetic nervous system (fight or flight); the cortex secretes glucocorticoids, mineralocorticoids and androgens, and its steroids are essential for life.<br><br><i>Medulla is inner and fast-acting; cortex is outer and slower, handling stress hormones, mineral balance, metabolic control and resistance to stress. If both adrenals are removed, it is loss of the cortex that threatens life, since catecholamines are also supplied by the sympathetic nervous system. The two glands work independently, so losing only one is not a deficiency.</i>",NUR146
"Which structures within the pancreas carry out its endocrine function, and what do their hormones regulate?","The islets of Langerhans, whose hormones regulate the rate of glucose uptake by body tissues.<br><br><i>The pancreas is both endocrine and exocrine: islets secrete insulin and glucagon into the blood, while the rest of the gland secretes digestive juices into ducts. Insulin and glucagon are the worked example of negative feedback.</i>",NUR146
Name the FOUR mechanisms of endocrine imbalance listed on the slide.,"Hypo or hyper production, hypo or hyper secretion, feedback disorders, and autoimmune conditions.<br><br><i>Production and secretion are listed separately because they fail separately. Hormones regulate growth, development, mood, tissue function, metabolism and sexual function, so an imbalance can present in any of those domains.</i>",NUR146
Explain the difference between a production problem and a secretion problem in an endocrine gland.,"Production is the gland manufacturing the hormone; secretion is the gland releasing it. A gland can produce hormone normally but fail to release it if nothing upstream signals it to do so.<br><br><i>The professor answered this directly when a student asked. The clinical consequence is that a failure of the hypothalamic or pituitary signal produces the same low serum hormone level as a failure of the gland itself, which is exactly what stimulation testing is designed to tell apart.</i>",NUR146
"What defines an autoimmune condition, and why are these often advanced at diagnosis?","The body attacks its own tissue; the trigger is usually unknown, and by the time signs and symptoms appear the process may have been going on for a long time.<br><br><i>Autoimmune destruction is a listed cause of primary hyposecretion. Graves disease was the lecture example on the hypersecretion side.</i>",NUR146
"Define primary endocrine dysfunction, then name the TWO causes of primary hypersecretion and the FIVE causes of primary hyposecretion.","Primary dysfunction originates in the gland itself. Hypersecretion: tumor and idiopathic hyperplasia. Hyposecretion: destructive tumors, inflammation, infection, autoimmune conditions, and physical damage to the gland.<br><br><i>Tumor appears on both lists: a secreting tumor adds hormone, a destructive tumor wipes out tissue. Hypersecreting tumors are usually benign. Idiopathic means the cause is unknown; hyperplasia means overgrowth of the cells already there.</i>",NUR146
"Define secondary endocrine dysfunction, state whether it is permanent, and classify hyperthyroidism caused by a pituitary adenoma.","A change in a gland caused by disease or treatment outside that gland; it may be temporary or permanent. Hyperthyroidism from a pituitary adenoma is secondary, because the thyroid is healthy but overstimulated.<br><br><i>The gland in question can be entirely healthy. Other lecture examples: a head bleed compressing the pituitary, and parathyroids removed during thyroidectomy. The classification changes treatment: removing the thyroid would not fix a pituitary adenoma.</i>",NUR146
"Name the THREE treatments of hyperfunction and the TWO treatments of hypofunction, and explain how each group can create the opposite imbalance.","Hyperfunction: surgical removal of the gland, radiation therapy, and pharmacotherapy, which can overshoot into permanent hypofunction. Hypofunction: dietary changes and hormone replacement, which can overshoot into hyperfunction.<br><br><i>Treating hyperthyroidism can end in lifelong hypothyroidism requiring replacement. Lecture examples of overshoot: a diabetic whose insulin was raised who then improves their intake, and a thyroid patient who changes goitrogen intake. Teaching the signs of overshoot is part of the intervention.</i>",NUR146
"When taking an endocrine health history, name the SEVEN symptom areas you ask about.","Energy level, cold and hot tolerance, unexplained weight changes, thirst, urine and bowel habits, hair pattern changes, and menstrual cycle.<br><br><i>For each symptom, also document FOUR things: severity, how long the change has been present, its effect on activities of daily living, and its effect on self-perception, plus family history. Duration is what overturned the lecture case, where three months of confusion ruled out a UTI. The textbook adds body proportions, muscle mass, fat and fluid distribution, secondary sexual characteristics, memory, concentration, sleep, mood, vision, joint pain and sexual function. None of these is diagnostic alone; they rule things in and out.</i>",NUR146
Name the TEN physical assessment findings on the slide that can indicate endocrine dysfunction.,"Vital signs, hair distribution, facial hair in women, fat distribution, weight changes, exophthalmos, edema, truncal obesity, wasted extremities, and fatigue.<br><br><i>Exophthalmos is abnormal protrusion of one or both eyeballs. Truncal obesity with wasted extremities is the asymmetric fat distribution pattern: weight at the trunk and face with thin limbs. The textbook adds moon face, thinning skin, enlarged hands and feet, and hyporeflexia or hyperreflexia.</i>",NUR146
What is the fifth vital sign?,"Pain.<br><br><i>Asked directly of the class and written in the speaker notes. The first four are blood pressure, heart rate, respirations and temperature, with pulse oximetry often added.</i>",NUR146
Name the FOUR categories of diagnostic test used to evaluate the endocrine system.,"Blood tests, urine tests, stimulation tests, and suppression tests.<br><br><i>Imaging (radioactive scanning, MRI, CT, ultrasound, PET, DEXA) and genetic screening are additional studies in the textbook. Blood and urine measure what is there; stimulation and suppression test how the system responds.</i>",NUR146
"Compare stimulation and suppression tests: which dysfunction each detects, what each does, and how you interpret the result.","Stimulation tests detect HYPOfunction: a stimulating hormone is given; if the gland responds, the defect is in the hypothalamus or pituitary, and if it fails to respond, the defect is in the gland. Suppression tests detect HYPERfunction: an exogenous dose of hormone is given; if endogenous secretion fails to shut off, the organ is not obeying negative feedback.<br><br><i>Stimulation asks whether an underactive gland can be made to work; suppression asks whether an overactive organ still listens to the loop. The oral glucose tolerance test from Lecture 2 is a stimulation test. This pairing carries a large share of the endocrine test questions in this course.</i>",NUR146
"Name THREE things blood tests can determine, then state what urine tests measure and TWO of their disadvantages.","Blood: circulating hormone levels, autoantibodies, and the effect of a hormone on another substance. Urine: hormones or their end products and metabolites excreted by the kidneys; disadvantages are that patients may not void on schedule and that medications or disease states can alter results.<br><br><i>Example of a hormone effect: insulin on blood glucose. Serum levels show whether there is hypofunction or hyperfunction and where it sits. Urine may be a single or a 24-hour specimen; urinary free catecholamines are measured for suspected pheochromocytoma, a tumor of the adrenal medulla.</i>",NUR146
"Before an endocrine diagnostic study, what THREE things does the nurse educate the patient about?","The purpose of the prescribed study, what to expect, and any possible side effects.<br><br><i>The nurse also notes trends in results rather than single values, because trends show disease progression and the response to therapy.</i>",NUR146
Name the FIVE steps of the nursing process in order.,"Assessment, analysis, planning, intervention, evaluation.<br><br><i>Assessment is health history plus physical assessment. Analysis is formulating the nursing diagnosis and identifying the most pressing issues. Intervention includes patient education and medications. Evaluation asks whether what was done was effective and what needs to change. The professor stressed that assessment is not only the physical exam; asking the questions is assessment, and it is where the diagnosis is usually found.</i>",NUR146
"A 54-year-old is admitted for confusion attributed to a UTI. What history question changed the diagnosis, and why does UTI confusion fit older adults but not this patient?","How long the confusion had been going on; the answer was three months, which is not a UTI. In older adults, aging blunts the usual UTI symptoms so the infection is advanced by the time confusion appears, while a younger patient would normally have other symptoms first.<br><br><i>Principles: do not assume the clinician before you asked the questions, and start your assessment from scratch even when a diagnosis has been handed to you. The patient was referred to neurology and did not need admission. Confusion is a late sign of untreated infection.</i>",NUR146
A patient denies any blood pressure problem but takes lisinopril. What does this illustrate about history taking?,"Patients do not know what they do not know; they may consider a condition resolved because a medication controls it, so you must ask about each medication and why they take it.<br><br><i>The medication list is often more accurate than the problem list. Asking the reason for each drug recovers history the patient does not think to report.</i>",NUR146
"Match each finding to the gland it points toward: elevated serum calcium, exophthalmos, truncal obesity with wasted extremities, and excessive thirst with increased urination.","Elevated calcium points to the parathyroid, exophthalmos to the thyroid, truncal obesity with wasted extremities to the adrenal cortex, and thirst with polyuria to the posterior pituitary or pancreas.<br><br><i>Calcium is the parathyroid signal because PTH raises serum calcium. Exophthalmos accompanies hyperthyroidism. Truncal obesity with thin limbs is the cortisol excess pattern. Thirst plus urination points to either water handling (ADH) or glucose handling (insulin), which is why both must be checked.</i>",NUR146
List in order the EIGHT elements of the Med Surg framework used for every disorder in this course.,"Incidence, etiology, normal anatomy and physiology, pathophysiology, clinical manifestations, diagnostic tests, medical management, and complementary or alternative modalities.<br><br><i>Etiology is the study of the cause; pathophysiology is the study of the functional changes occurring in the body as a result of the disease or injury. Use this as the note shape for every condition in Units 1 and 2.</i>",NUR146
Define diabetes mellitus and name the THREE causes listed on the slide.,"A group of metabolic diseases characterized by hyperglycemia, caused by decreased insulin secretion, impaired insulin action (insulin resistance), or a combination of both.<br><br><i>Decreased secretion is the type 1 mechanism (beta cell destruction), impaired action is the type 2 mechanism (resistance), and the combination appears as type 2 advances and beta cells begin to fail.</i>",NUR146
Name the FOUR conditions for which uncontrolled diabetes is the leading or a top-ranked cause in the United States.,"Leading cause of non-traumatic amputations, leading cause of end-stage renal disease, leading cause of new blindness in adults, and the eighth leading cause of death.<br><br><i>Non-traumatic means not caused by an accident. All four reflect vascular and nerve damage accumulating silently before diagnosis, which is why preventive labs matter more than treating symptoms.</i>",NUR146
"Where is the pancreas, which islet cells make which hormones, and which exocrine enzymes are checked in pancreatitis?","Behind the stomach. Beta cells make insulin, alpha cells make glucagon, and delta cells make somatostatin. Amylase and lipase are the exocrine enzymes checked when pancreatitis is suspected.<br><br><i>The pancreas has both endocrine and exocrine function: the islets of Langerhans secrete hormones into the blood, and the rest of the gland secretes digestive enzymes into ducts. Beta and alpha oppose each other: insulin lowers glucose and glucagon raises it. Pancreatitis is inflammation of the pancreas.</i>",NUR146
"Insulin is a storage hormone secreted by which cells, and what FOUR things stimulate its release versus THREE things that inhibit it?","Beta cells. Stimulated by parasympathetic stimulation, elevated serum glucose, increased GI hormones, and increased serum potassium. Inhibited by sympathetic stimulation, low serum glucose, and high levels of insulin.<br><br><i>Storage hormone means it is held in the beta cells and released when needed; it is also released in tiny increments all day, which basal insulin imitates. Parasympathetic is rest-and-digest, when a meal is being absorbed; sympathetic fight-or-flight needs glucose available, so it shuts insulin off. The potassium trigger matters because insulin drives potassium into cells.</i>",NUR146
"Name insulin's actions on glycogen, on fat, on protein, and on potassium.","Increases glycogenesis and inhibits glycogenolysis; increases lipogenesis and inhibits lipolysis; moves amino acids into cells; and moves potassium into cells. Net effect: lower blood glucose and stored energy.<br><br><i>Insulin is the storage hormone for every fuel: it stores glucose as glycogen and energy as fat, and blocks the breakdown of both. Glycogenolysis inhibition is a liver effect. Lipo means fat, genesis means making, lysis means breakdown. The potassium effect is why insulin with dextrose treats hyperkalemia and why potassium falls when DKA is treated. The mirror-image glucagon actions are glycogenolysis, gluconeogenesis and lipolysis.</i>",NUR146
"A patient has hyperkalemia and receives insulin with dextrose. Which insulin action is being used, and why is the dextrose given?","Insulin facilitates intracellular transport of potassium, pulling it out of the serum; dextrose is given to prevent the insulin from causing hypoglycemia.<br><br><i>This does not remove potassium from the body, it only shifts it into cells, so the effect is temporary and other measures are still needed.</i>",NUR146
"What is glucagon's relationship to insulin, what are its THREE functions, what THREE things stimulate it, and what decreases it?","It is the antagonist to insulin and keeps glucose elevated. Functions: stimulates glycogenolysis, stimulates gluconeogenesis, and enhances lipolysis. Stimulated by sympathetic stimulation, decreased serum glucose, and growth hormone secretion; decreased by increased glucose levels.<br><br><i>Antagonist means it works against. Each function mirrors an insulin action. Insulin and glucagon are never released together; each is inhibited by the condition that triggers the other, which keeps the loop aimed at euglycemia. Exogenous forms for hypoglycemia: oral glucose gel, glucose tablets, IV D50, and IM or subcutaneous glucagon.</i>",NUR146
"What does somatostatin do, and what effect does it exert on blood glucose?","It interferes with the release of growth hormone from the pituitary gland and exerts a hypoglycemic effect.<br><br><i>Somatostatin is not another name for growth hormone; it is growth hormone-inhibiting hormone, produced by the delta cells. One recording of this lecture accepted growth hormone as an alternate name, but your class recording teaches it correctly, matching the slide.</i>",NUR146
"Which fuel can cells actually use, and how do the goals of insulin and of glycogen differ?","Only glucose, not glycogen. Insulin lowers blood sugar and stores energy for LATER; glycogen releases stored sugar into the blood for energy NOW.<br><br><i>Excess carbohydrate is stored in the liver as glycogen. During fasting, sleep, a skipped meal, exercise or an insulin overdose, glucagon drives glycogenolysis to convert it back to glucose so it can be used.</i>",NUR146
Name the FIVE classifications of diabetes on the slide.,"Type 1, type 2, gestational, latent autoimmune diabetes of adults (LADA), and prediabetes.<br><br><i>Drug-induced diabetes was also mentioned in lecture. LADA is rarely used in everyday documentation; charts usually say insulin-dependent diabetic, type 1, or DM2. Textbook also describes MODY (maturity-onset diabetes of the young): a rare gene mutation affecting 1 to 5 percent of people with diabetes, appearing in adolescence or early adulthood with diabetes across multiple generations of the family.</i>",NUR146
"What is destroyed in type 1 diabetes, what are the THREE causes, and what are the THREE results?","The beta cells. Causes: genetic, immunologic and environmental. Results: decreased insulin production, elevated blood glucose, and increased glucose production by the liver.<br><br><i>The usual mechanism is autoimmune, possibly triggered by a virus or environmental toxin; once present it is permanent and raises the risk of other autoimmune conditions. The third result is easy to miss: without insulin the liver is uninhibited, so glycogenolysis and gluconeogenesis keep adding glucose to blood that is already high.</i>",NUR146
"Describe the onset of type 1 diabetes, what percentage of diabetes it accounts for, and why it is no longer called juvenile diabetes.","Onset is usually abrupt, over days to weeks; about 5 percent of diabetes is type 1; and the name juvenile was dropped because type 1 can be diagnosed at any age.<br><br><i>That leaves about 95 percent as type 2. Abrupt onset means the first presentation is often DKA. Type 1 is more common in childhood, especially with a genetic component, but the lecture example was a 46-year-old who presented in DKA.</i>",NUR146
"What is the only medication treatment for type 1 diabetes, and what can never be used?","Insulin is the only treatment; a type 1 diabetic can never take an oral antidiabetic medication.<br><br><i>Oral agents work on insulin resistance, secretion or hepatic output in a pancreas that still functions. With the beta cells destroyed there is nothing for them to act on. Which insulin is used depends on the provider, the patient, control and comorbidities.</i>",NUR146
Name the classic triad of type 1 diabetes and FIVE other manifestations.,"The three Ps: polyuria, polydipsia and polyphagia. Others: glycosuria, weight loss, fatigue, sudden vision changes, and nausea, vomiting or abdominal pain if in DKA.<br><br><i>Polyuria comes from glucose pulling water into the urine, which then drives the thirst; polyphagia happens because glucose cannot enter cells to be used as fuel, the same reason for the weight loss. Glycosuria cannot be detected by the patient without testing. Nausea, vomiting and abdominal pain signal DKA and are often what brings the patient in.</i>",NUR146
A patient reports sudden vision changes and fatigue and attributes both to screen time and stress. Why is this dangerous reasoning?,"Both are real manifestations of hyperglycemia, and attributing them to everyday causes delays diagnosis until damage such as retinopathy is already irreversible.<br><br><i>Fatigue is a vague symptom with countless causes, which is exactly why it gets dismissed. The pattern to catch is a cluster: vision change plus fatigue plus thirst plus urination.</i>",NUR146
"State the diagnostic threshold for diabetes on all FOUR tests, and explain why a random glucose over 200 counts even if the patient just ate.","Random over 200 mg/dL, fasting over 126 mg/dL, OGTT over 200 mg/dL, and A1c over 6.5 percent. An intact negative feedback loop keeps glucose under 200 no matter what was eaten, so exceeding it means the loop is failing.<br><br><i>Fasting means no caloric intake for at least 8 hours. The OGTT uses a 75-gram glucose load read at 2 hours; a random glucose of 200 or more counts with classic symptoms. Without unequivocal hyperglycemia, diagnosis is confirmed by two abnormal results.</i>",NUR146
"The oral glucose tolerance test is an example of which category of endocrine test from Lecture 1, and what does a positive result show?",A stimulation test; a positive result shows the glucose stays elevated because the negative feedback system failed to respond to the sugar load.<br><br><i>Stimulation tests confirm hypofunction. The sugary drink should stimulate insulin release and hold glucose down. It is most familiar from gestational diabetes screening but is used for diabetes generally and for other conditions affecting glucose.</i>,NUR146
"Give the A1c ranges for normal, prediabetes and diabetes, the ADA treatment goal, and the period an A1c reflects.","Normal under 5.7 percent, prediabetes 5.7 to 6.4 percent, diabetes 6.5 percent or higher; the ADA goal is under 7 percent. It reflects about 2 to 3 months of average glucose, because it measures glucose bound to hemoglobin in red cells that circulate about 120 days.<br><br><i>The ranges were stated in lecture rather than on the slide. Some patients are treated in the prediabetes range depending on comorbidities, weight and risk factors. Lecture stated three months; answer three if asked for a single number. A1c diagnoses and monitors, so a patient blaming one high reading on a vacation still has the rest of the period to explain. A high A1c may mean nonadherence or the wrong drug for that patient.</i>",NUR146
Name the FIVE components of treatment for type 1 diabetes.,"Medication management with insulin only, nutrition, exercise, blood glucose monitoring, and patient education.<br><br><i>Nutrition matters more for type 1 rather than less, because insulin dosing is calculated from carbohydrate intake. Being on insulin does not replace the dietary work.</i>",NUR146
State the blood glucose treatment goal for diabetes and name the THREE secondary complications treatment aims to prevent.,"Euglycemia without hypoglycemia; the three complications are retinopathy, nephropathy, and neuropathy.<br><br><i>Retinopathy is damage to the vessels of the retina, nephropathy to the vessels of the kidney, and neuropathy is nerve damage. All three are microvascular and all three are irreversible once established.</i>",NUR146
"What is the recommended weekly aerobic exercise target for a patient with diabetes, and how should it be introduced to a sedentary patient?","Thirty minutes at least five days a week, totaling 150 minutes weekly; for a sedentary patient it should be introduced in small attainable increments and built up gradually, and it may be broken into short segments.<br><br><i>Prescribing the full target to someone who does nothing produces a patient who quits before starting. The same principle applies to weight loss goals: a 10 pound goal over two months gets attempted where 100 pounds does not.</i>",NUR146
"How often should a patient on insulin therapy self-monitor blood glucose, and at what times?","Two to four times daily, before meals and at bedtime.<br><br><i>Patients not receiving insulin monitor less often, and insurers frequently will not cover supplies for them. Exact frequency follows the regimen: once-daily long acting may mean once a day, mealtime insulin at least three times, sliding scale with meals and bedtime four times.</i>",NUR146
A patient takes insulin but refuses to check their blood glucose. Name the TWO outcomes this risks.,"A hypoglycemic coma if the sugar drops too low, or a return to diabetic ketoacidosis if it is not controlled enough.<br><br><i>Insulin dosing is calculated from the current glucose and carbohydrate intake. Without a number the dose is a guess in both directions, and damage accrues from the highs even when the patient feels fine.</i>",NUR146
"How does a continuous glucose monitor differ from an insulin pump, and what do its sideways, straight-up and angled-down arrows mean?","A CGM only monitors and delivers nothing; a pump administers insulin. Sideways means steady, straight up means rising rapidly, and angled down means falling slowly.<br><br><i>A CGM measures interstitial glucose through a subcutaneous sensor (abdomen or back of arm) that is replaced every 7 to 14 days; it reports time in range (70 to 180 mg/dL). Because the sensor lags, confirm with a fingerstick when glucose is changing rapidly. Straight down means falling rapidly and angled up means rising slowly; preset alarms sound for highs and lows.</i>",NUR146
"Name the FIVE indications for insulin therapy, and explain why a type 2 patient eventually needs insulin.","Type 1 diabetes, hyperglycemia unresponsive to oral agents, allergy or contraindication to oral agents, pregnancy, and late type 2 management. Type 2 begins as insulin resistance, but over time the beta cells are damaged and release less and less insulin.<br><br><i>Hospitalized type 2 patients also receive insulin temporarily after surgery, injury, illness or infection because healing needs euglycemia; that does not mean they go home on it. Poor control accelerates beta cell failure.</i>",NUR146
"Insulins are categorized by what property, and name the FIVE categories.","By rate of absorption: rapid acting, short acting (regular), intermediate acting (NPH), long acting (no peak), and rapid-acting inhalation powder (Afrezza).<br><br><i>Rate of absorption determines onset, peak and duration, which is what governs the timing of meals and the window in which hypoglycemia is most likely.</i>",NUR146
"Give the onset, peak, duration and meal timing for rapid acting insulin (lispro, Humalog).","Onset 15 to 30 minutes, peaks in 30 to 90 minutes, duration less than 5 hours; administer 5 to 15 minutes before a meal and the patient must eat within 15 minutes.<br><br><i>It is twice as fast as regular insulin. The patient may also need basal coverage from a long or intermediate acting insulin, because rapid acting only covers the meal.</i>",NUR146
"Which insulins may be given intravenously, and which may never be?","Regular (short-acting) and rapid-acting insulin may be given IV; intermediate NPH and long-acting glargine are never given IV.<br><br><i>Regular insulin is a clear solution with an onset of 30 to 60 minutes and is the insulin classically used for IV drips, as in DKA. The textbook states rapid-acting insulins are also approved for IV use. Do not confuse regular (short-acting) with rapid-acting; they have different timing.</i>",NUR146
"Give the onset, peak and appearance of intermediate acting NPH insulin, and how often it may be dosed.","Onset 1 to 1.5 hours, peaks at 4 to 12 hours, white and cloudy in appearance, and may be given every 12 hours as a basal dose.<br><br><i>The long onset means it does not need to be timed tightly to a meal. Its wide 4 to 12 hour peak is what makes it the insulin involved in both dawn phenomenon and Somogyi management.</i>",NUR146
"What makes long acting glargine (Lantus) different from every other insulin in peak, mixing, and timing?","It is peakless, it cannot be mixed with any other insulin, and it is given once daily at any time of day but at the same time every day.<br><br><i>Peakless means it is absorbed very slowly and released in micro amounts across 24 hours, imitating the pancreas. Because coverage is continuous, shifting the dose time leaves a gap.</i>",NUR146
"Which insulins may be mixed in one syringe, which may never be, and how do you give glargine and regular due at the same time?","Rapid or short acting may be mixed with intermediate NPH. Long-acting glargine is never mixed with any insulin, so glargine and regular due together are given at the same time in two separate syringes.<br><br><i>Same time is allowed, same syringe is not. Glargine is a suspension at pH 4, so mixing causes precipitation.</i>",NUR146
Why must you confirm the meal tray is present before giving rapid or short acting insulin?,"Because the insulin will begin dropping the blood sugar whether or not food arrives, and a delayed tray can leave the patient hypoglycemic before they eat.<br><br><i>Trays do not arrive on schedule. Seeing the food cart on the unit is the practical standard. A hypoglycemic patient may then be too impaired to eat, which makes the problem harder to correct.</i>",NUR146
"What does it mean that an insulin peaks, and does the peak define when hypoglycemia can occur?","Peak is when the insulin is most effective; hypoglycemia is most likely then but can occur at any time, including from a wrong dose.<br><br><i>A correctly dosed insulin should never cause hypoglycemia even at its peak. Everyone peaks slightly differently, so patients are taught to report symptoms rather than watch a clock.</i>",NUR146
"How should clear and cloudy insulin look, and when is a vial discarded?","Clear insulin stays clear with no particles; NPH is uniformly cloudy after rolling. Discard insulin that is lumpy, frosted, clumped, or has a whitish coating.<br><br><i>Cloudy insulin is gently rolled or inverted between the hands, never shaken. Uneven color or a coating on the glass means the suspension has broken down and the dose would be unreliable. The frosted whitish coating is called flocculation.</i>",NUR146
"Describe subcutaneous insulin technique: site rotation, needle angle, and whether to aspirate or massage.","Rotate sites every 2 to 3 weeks to prevent lipodystrophy; use 90 degrees for average or overweight patients and 45 degrees if very thin; do not aspirate and do not massage.<br><br><i>Lipodystrophy is loss or change of fatty tissue from repeated injection in one spot, and an overused or calloused site can cause resistance to the insulin. Subcutaneous tissue has no vessel to hit. Massage, exercise and heat speed absorption. Stay at least 1 inch from the umbilicus; hold the syringe like a dart, insert quickly, and hold for three seconds before withdrawing.</i>",NUR146
"Name the complications of insulin therapy, including the THREE causes of morning hyperglycemia.","Local allergic reactions, systemic allergic reactions (rare), lipodystrophy, resistance to injected insulin, and morning hyperglycemia, which is caused by insulin waning, the dawn phenomenon, or the Somogyi effect.<br><br><i>Local reaction: redness, swelling, tenderness, induration or a 2 to 4 cm wheal 1 to 2 hours after injection, resolving in hours to days. Systemic reaction: rare; spreads to generalized hives and occasionally edema or anaphylaxis; treated by desensitization. Resistance develops when antibodies bind the insulin; treated with concentrated U-500 insulin. All three morning hyperglycemia causes look the same, and a 2 to 3 AM glucose tells them apart.</i>",NUR146
"Compare the dawn phenomenon and the Somogyi effect: the mechanism, the 2 to 3 AM glucose, and the management of each.","Dawn: an AM rise in growth hormone raises glucose; the 2 to 3 AM glucose is normal or rising; move the NPH dose from dinner to bedtime. Somogyi: rebound from hypoglycemia during sleep; the 2 to 3 AM glucose is LOW; decrease the evening NPH or add a bedtime snack.<br><br><i>Memory hook: Somogyi, so low. The Somogyi rebound is driven by counterregulatory hormones (glucagon, epinephrine, cortisol, growth hormone), not by insulin. Dawn is a natural diurnal event. Getting them backwards means adding insulin to a patient who is already going low overnight.</i>",NUR146
Name the FOUR basic skill areas a newly diagnosed diabetic must be taught.,"Understanding of the pathophysiology, treatment modalities, recognizing signs of hypo and hyperglycemia, and practical knowledge.<br><br><i>Pathophysiology is on the list for a reason: patients who think sugar high means take insulin and be done do not change behavior, because they do not know what is happening to their vessels, kidneys, eyes and nerves.</i>",NUR146
What mnemonic distinguishes the presentation of hypoglycemia from hyperglycemia?,"Cold and clammy, need some candy; hot and dry, sugar high.<br><br><i>This lets a patient act on how they feel when they cannot check a glucose immediately. It does not replace testing, since symptoms appear at very different numbers in different people.</i>",NUR146
A patient tells you they already know everything about their diabetes. What teaching technique do you use?,"Teach-back: ask them to tell you what they understand about the disease, their medication administration, and the signs and symptoms to watch for, then reinforce only the gaps.<br><br><i>Two lecture cases make the point that a title or long history is not knowledge: the ER nurse admitted unresponsive in DKA after running out of insulin, and the mother who administered a suppository orally because no one demonstrated it. Always obtain a return demonstration for a skill.</i>",NUR146
A patient who has always used insulin pens is discharged with a vial and syringe. What must the nurse do before discharge?,"Teach them to read the syringe, draw up the correct amount, and inject, and obtain a return demonstration.<br><br><i>A pen and a vial are different skills, not a refill of the same one. Insulin doses are often 1 to 3 units, so a drawing-up error is proportionally enormous and may be mistaken by the provider for a failing regimen.</i>",NUR146
A patient is admitted with their own insulin pump. What are the nurse responsibilities and limits?,"The patient should have a signed contract accepting responsibility for what the pump delivers; the nurse does not press the button, change the dose, or enter carbohydrates, but still checks and documents the glucose and the insulin given.<br><br><i>The pump holds a prescription but must be acted on by the patient, who enters the glucose and carbohydrate amounts and confirms each dose. If the patient is confused and cannot operate it, the pump should not be used and the nurse administers instead.</i>",NUR146
Name the SIX areas of ongoing education for preventing long-term complications.,"Foot care, eye care, general hygiene, skin care, oral hygiene, and risk factor management covering blood pressure, weight and cholesterol.<br><br><i>Skin care centers on preventing dryness, because dry skin cracks and every break in the skin is an entry point for infection. Education is an ongoing, lifelong process regardless of how long the patient has had diabetes.</i>",NUR146
Name the FOUR characteristics of type 2 diabetes on the slide and its THREE listed risk factors.,"Insulin resistance at the cellular level, impaired insulin secretion, decreased responsiveness of beta cells over time, and a progressive course with gradual onset. Risk factors: genetics, obesity and ethnicity.<br><br><i>About 95 percent of diabetes is type 2, and about 80 percent of type 2 patients have obesity. Genetics and ethnicity cannot be changed, but obesity and lifestyle can, which is why a family history is a reason to modify lifestyle early.</i>",NUR146
"Is the classic triad common in type 2 diabetes, and what SIX manifestations are more typical?","No, the three Ps are not common in type 2. More typical: recurrent infections, blurred vision, fatigue and lethargy, pruritus, paresthesias, and slow-healing wounds.<br><br><i>Onset is gradual, so a complication is usually what brings the patient in, such as a cut from yard work that has not healed in two weeks. Recurrent UTIs occur because bacteria thrive on sugar in the urine. Pruritus is itching; paresthesia is tingling or numbness.</i>",NUR146
Describe the treatment sequence for type 2 diabetes.,"Lifestyle changes first, recheck the A1c in about 3 months, then an oral agent, then more than one agent, then insulin added if needed.<br><br><i>A very high A1c or a symptomatic patient at diagnosis may go straight to medication, more than one agent, or insulin from the start. Oral agents are temporarily stopped and insulin given during infection, trauma or surgery.</i>",NUR146
"Name the FOUR goals of nutrition therapy, and in which type of diabetes can it reverse hyperglycemia?","Attain and maintain a reasonable body weight, blood glucose control, lipid levels, and blood pressure. It may be enough to reverse hyperglycemia in type 2, never in type 1.<br><br><i>Type 1 is autoimmune beta cell destruction and never resolves. Personal and cultural preferences are respected through moderation and portion control rather than forbidding foods, since forbidding a food tends to guarantee it gets eaten.</i>",NUR146
"State the ADA recommended distribution for carbohydrate, fat, protein and fiber.","Carbohydrate 50 to 60 percent of daily calories; fat under 30 percent, with under 10 percent saturated and under 300 mg cholesterol; protein 15 to 20 percent; fiber 25 to 35 grams daily.<br><br><i>Carbohydrate is the primary energy source and the majority of the diet, ideally whole grain and low glycemic index. Some protein should come from non-animal sources to cut saturated fat and cholesterol. Fat type (mono- and polyunsaturated) matters more than total amount, because CAD is the leading cause of death in people with diabetes.</i>",NUR146
Distinguish soluble from insoluble fiber by source and effect.,"Soluble fiber, found in oats and fruit, lowers blood glucose and cholesterol. Insoluble fiber, found in whole grains and vegetables, supports digestion and promotes satiety.<br><br><i>Satiety is the feeling of fullness. A high fiber diet slows glucose absorption, reduces spikes and improves long-term glycemic control. The target is 25 to 35 grams daily.</i>",NUR146
"Name the SIX exchange list categories, and give examples of free foods.","Starch, meat, fat, vegetable, fruit, and free. Free foods include water, diet soda, and black coffee or tea.<br><br><i>Exchange lists group foods so any food in a group can be swapped for another without changing the carbohydrate count. Free foods have no calories and no carbohydrate, so they are unlimited. The lecture listed dairy in place of fat; go with the slide.</i>",NUR146
"What is the insulin dosing rule based on carbohydrate, and why does portion size matter?","One to two units of fast-acting insulin per 15 grams of carbohydrate; portion size changes the carbohydrate count, so the dose must match what is actually eaten.<br><br><i>Lecture case: a patient with an insulin pump assumed every orange has the same carbohydrate and underdosed for a large one. A frail, thin patient still uses the same insulin-to-carbohydrate ratio because the carbohydrate still causes the spike; they may need more calories, not more carbohydrate.</i>",NUR146
"What is the goal of choosing foods by glycemic index, and name the THREE tips on the slide.","To avoid sharp, rapid increases in blood glucose. Combine starch with protein and fat; choose raw or whole forms over cooked or chopped; choose whole fruit over fruit juice.<br><br><i>Cooking and chopping begin the breakdown and reduce fiber, which raises the glycemic index. Juice is concentrated and absorbed quickly, while whole fruit slows sugar absorption.</i>",NUR146
"Why can alcohol cause hypoglycemia in a patient with diabetes, and what are the recommendations?","Alcohol is absorbed quickly without insulin and may decrease gluconeogenesis by the liver, which processes alcohol before anything else. Make a plan, never drink on an empty stomach, and drink in moderation.<br><br><i>Hypoglycemia plus intoxication is dangerous because the two look alike and intoxication impairs recognizing and treating a low. Risk is greatest with insulin or insulin secretagogues. Moderate intake per the textbook: one drink a day for women, two for men; one drink is 12 oz beer, 5 oz wine or 1.5 oz spirits. Large amounts can be converted to fat, raising DKA risk. Sugary mixed drinks raise glucose; light beer or wine with food is preferred.</i>",NUR146
"Name the benefits of exercise in diabetes, including its THREE effects on the lipid panel.","Lowers blood glucose, weight loss, stress management, and lowers cardiovascular risk by increasing HDL, decreasing LDL, and decreasing triglycerides.<br><br><i>Exercise also enhances insulin sensitivity and glucose uptake, and releases endorphins. The lipid effects are what make it cardioprotective, which matters because diabetes damages large vessels as well as small ones.</i>",NUR146
"State the exercise recommendations for a patient with diabetes, including frequency.","Exercise 3 times a week or 150 minutes a week, ease into it gradually, exercise at the same time each day, wear proper footwear, inspect the feet after exercise, and keep simple carbohydrate on hand.<br><br><i>The Part 1 slide gave 150 minutes and the Part 2 slide 3 times a week; lecture reconciled them as either. Textbook Chart 47-4 adds: no more than 2 consecutive days without exercise, stretch 10 to 15 minutes first, get up every 30 minutes, avoid extreme heat or cold, avoid exercise during poor metabolic control, and exercise when glucose is at its peak. After strenuous exercise, a snack at the end and at bedtime helps prevent delayed hypoglycemia.</i>",NUR146
"When should a patient with diabetes avoid exercise, and why?","Avoid exercise when blood glucose is over 250 mg/dL with ketones in the urine, because at high glucose the body breaks down fat for energy and exercise can push that toward DKA.<br><br><i>Check urine ketone strips first; if ketones are negative, exercise is fine and will help lower the glucose. Exercising with high glucose also raises glucagon, growth hormone and catecholamines, so the liver releases more glucose.</i>",NUR146
"State the general rules for oral antidiabetic agents: which type they are never used in, what comes first, and their major side effect.","Never in type 1. Diet and exercise are first line, and oral agents are added when those alone fail; more than one class may be used, with or without insulin. The major side effect is hypoglycemia, except metformin used alone.<br><br><i>Oral agents act on a pancreas that still produces insulin, which is why they cannot work in type 1. Teach hypoglycemia signs with every oral agent. The exam expects the drug classification, the mechanism of action, and the generic name for each.</i>",NUR146
"Give the class, THREE mechanisms of action, and the beneficial features of metformin.","A biguanide. It inhibits glucose production by the liver, increases tissue sensitivity to insulin, and decreases hepatic cholesterol synthesis. It is effective as monotherapy, does not cause hypoglycemia alone, causes weight loss, and improves the cholesterol panel.<br><br><i>Brand name Glucophage. It is usually first line precisely because it does not cause hypoglycemia. The cholesterol effect comes from its action on the liver. Take it with meals: once daily with breakfast or dinner consistently, or twice daily with both.</i>",NUR146
Name metformin's TWO side effects and FIVE contraindications.,"Side effects: GI effects and lactic acidosis. Contraindications: renal dysfunction, liver dysfunction, alcohol abuse, CHF, and iodine-based contrast.<br><br><i>Take it with meals to reduce nausea and diarrhea. Lactic acidosis is rare. Liver dysfunction or alcohol use does not automatically rule metformin out; it means closer monitoring.</i>",NUR146
"Give the class, mechanism, main side effect and hypoglycemia risk of sitagliptin, and why Janumet matters.","A DPP-4 inhibitor that prolongs the action of incretin to improve glucose control. The main side effect is frequent upper respiratory infections; hypoglycemia occurs when combined with a sulfonylurea. Janumet is sitagliptin plus metformin, so it must still be held for contrast.<br><br><i>Brand name Januvia. Incretin is a gut hormone that increases insulin release and decreases glucagon; DPP-4 is the enzyme that breaks it down, so blocking DPP-4 lets incretin work longer. Lecture called incretin an enzyme, which the textbook contradicts. Usually once daily. URI symptoms include stuffy or runny nose and sore throat. Always check whether a drug is a combination product.</i>",NUR146
"Give the mechanism, dosing route and schedule, side effects and contraindication of the GLP-1 agonists dulaglutide, semaglutide and tirzepatide.","They enhance glucose-dependent insulin secretion as incretin mimetics, and are given subcutaneously once a week. Side effects are pancreatitis, GI symptoms and weight loss. They are contraindicated with a history of thyroid cancer.<br><br><i>They are not insulin. Tirzepatide is a combined GIP and GLP-1 agonist and adds hypoglycemia. Semaglutide is not recommended first line with poor glycemic control. The black box warning is medullary thyroid carcinoma. Brands: Trulicity, Ozempic (Wegovy for weight loss), Mounjaro (Zepbound for weight loss). GI effects are worst on injection day; eating around the injection helps. Compounded versions are not FDA regulated.</i>",NUR146
"Name the THREE second-generation sulfonylureas, their mechanism, and their side effects.","Glipizide, glyburide and glimepiride. They stimulate the beta cells to secrete insulin and may improve insulin binding to receptors. Side effects: hypoglycemia, GI symptoms, weight gain, and interactions with many common drugs.<br><br><i>Brands: Glucotrol, Diabeta, Amaryl. They are often combined with metformin or insulin. Because they force insulin release regardless of glucose, hypoglycemia is the major risk.</i>",NUR146
"Name the nursing implications for sulfonylureas, including who is at highest risk and which drug masks hypoglycemia.","Monitor and teach hypoglycemia signs; advanced age and renal insufficiency carry the highest risk; monitor for drug interactions; avoid alcohol; contraindicated with a sulfa allergy; beta blockers can mask hypoglycemia.<br><br><i>The sulfa allergy is in the name. Beta blockers suppress the tachycardia and palpitations that warn of a low. Textbook adds: glyburide is not recommended in chronic kidney disease, and interacting drugs include NSAIDs, warfarin and sulfonamides.</i>",NUR146
"Give the class, mechanism and side effects of empagliflozin, and explain why a UTI follows from its mechanism.","An SGLT2 inhibitor that prevents the kidneys from reabsorbing glucose, dumping it into the urine. Side effects: hypoglycemia, urinary tract infection, and possible increases in LDL and HDL. Glucose in the urine feeds bacteria, so UTI follows directly.<br><br><i>Brand name Jardiance. Textbook adds: take once daily before the first meal of the morning, monitor for genital as well as urinary infections, rare DKA risk, and hypoglycemia mainly when combined with insulin or an insulin secretagogue. It also has cardiovascular benefits covered in the cardiac unit.</i>",NUR146
"Which oral diabetes drugs cause weight gain versus weight loss, and which carry hypoglycemia risk when used alone?","Weight gain: sulfonylureas. Weight loss: metformin and the GLP-1 agonists. Hypoglycemia alone: sulfonylureas carry the major risk; metformin does not; sitagliptin rarely does alone but does when combined with a sulfonylurea.<br><br><i>These are the two discriminations most often tested across the classes. A sulfonylurea forces insulin secretion regardless of glucose level, which explains both the hypoglycemia and the weight gain.</i>",NUR146
Define hypoglycemia and name its THREE causes on the slide.,"Blood glucose under 70 mg/dL, caused by too much insulin, oral hypoglycemic agents, or excessive physical activity.<br><br><i>Too little food is a fourth cause in the textbook. Severity is graded mild, moderate and severe, and the symptoms of each come from a different system.</i>",NUR146
"Compare mild, moderate and severe hypoglycemia: what causes the symptoms at each level, and the key symptoms.","Mild: sympathetic nervous system stimulation, causing sweating, tremors, tachycardia, palpitations, nervousness and hunger.<br> Moderate: the brain is deprived of energy (CNS), causing trouble concentrating, headache, memory lapses, confusion, slurred speech, combative behavior, double vision and drowsiness. <br>Severe: impaired CNS function, causing disorientation, seizures and loss of consciousness, and death if untreated.<br><br><i>Textbook levels: Level 1 is 54 to 69 mg/dL, Level 2 is under 54, and Level 3 is defined by needing another person's help, regardless of the number. Mild symptoms are the body's alarm; moderate ones mean the brain itself is running out of fuel. A beta blocker removes the tachycardia and palpitations of the mild stage.</i>",NUR146
"Describe the rule of 15 for treating mild hypoglycemia, including examples and what follows.","Give 15 grams of fast-acting concentrated carbohydrate, such as 4 oz (half a cup) of juice or regular soda, or 3 to 4 glucose tablets. Retest in 15 minutes, retreat if still under 70, then give a snack containing carbohydrate and protein.<br><br><i>The fast sugar wears off quickly; the protein snack keeps the glucose from falling again. Other 15-gram options: 1 tablespoon of sugar, honey or syrup, or one tube of glucose gel.</i>",NUR146
"How is hypoglycemia treated in a patient who is awake and alert, one who is drowsy, and one who is unconscious?","Awake and alert: 15 grams of carbohydrate by mouth. Drowsy: glucagon IM or D50 IV. Unconscious: glucagon 1 mg subcutaneously or IM, or 25 to 50 mL of D50 IV, and nothing by mouth.<br><br><i>Anything given by mouth to a patient who cannot protect their airway risks aspiration. D50 is highly irritating to veins, so confirm IV patency first. Intranasal glucagon is now preferred for ease of use. Monitor closely for 24 hours after a severe episode.</i>",NUR146
"After an unconscious patient receives glucagon, what should the nurse expect and do?","Consciousness may take up to 20 minutes to return. On waking, give concentrated carbohydrate followed by a snack, because glucagon acts only briefly. If the patient becomes nauseated or vomits, turn them onto their side.<br><br><i>Glucagon is given subcutaneously, IM or intranasally. Glucagon onset is 8 to 10 minutes and it lasts only 12 to 27 minutes, so without food the glucose can fall again. Nausea and vomiting are common, and side-lying prevents aspiration.</i>",NUR146
"What causes hypoglycemic unawareness, why is it dangerous, and what does the nurse teach?","Autonomic neuropathy in long-standing diabetes blunts the glucagon and epinephrine response, so the warning signs of shaking, sweating and palpitations do not appear. The first sign may be confusion. Teach frequent glucose checks (especially before driving), subtle signs like numbness around the mouth, and glucagon use for family.<br><br><i>Glucose targets may be loosened for these patients to reduce the risk of dangerous lows. Tight control on an insulin pump can also contribute, because glucose declines so gradually.</i>",NUR146
Name the THREE causes of DKA on the slide and which type of diabetes it is most common in.,"A skipped dose of insulin, infection, and newly diagnosed diabetes or medication nonadherence. It is more common in type 1.<br><br><i>DKA is caused by a significant deficit of insulin, and it may be the first sign of type 1. Infection raises stress hormones (glucagon, epinephrine, cortisol, growth hormone), which drive glucose up. Other causes include dosing errors, insulin pump occlusion, and adolescents skipping doses.</i>",NUR146
Trace the pathophysiology of DKA from insulin deficit to its THREE clinical features.,"Marked insulin deficit leads to gluconeogenesis and hyperglycemia; the kidneys try to eliminate glucose, causing osmotic diuresis with dehydration and electrolyte loss; and lipolysis produces acidic ketone bodies, causing metabolic acidosis. The three features are hyperglycemia, dehydration with electrolyte loss, and acidosis.<br><br><i>Without insulin, glucose cannot enter cells, the liver keeps producing more, and fat is broken down into free fatty acids that the liver converts to ketones. The ketones are the reason type 1 patients develop acidosis while type 2 patients, who retain some insulin, generally do not.</i>",NUR146
Name the clinical manifestations of DKA.,"Ketonemia and ketonuria, fruity breath, dry mucous membranes, hypotension and tachycardia, blurred vision, weakness, headache, nausea, vomiting and diarrhea, and Kussmaul respirations.<br><br><i>The fruity odor is acetone, a ketone. GI symptoms and abdominal pain come from the ketosis and are what bring many patients in. Mental status ranges from alert to comatose.</i>",NUR146
"State the diagnostic findings in DKA for glucose, acid-base status, ketones and dehydration.","Glucose 250 to 800 mg/dL; metabolic acidosis with low pH, low serum bicarbonate and low PCO2 from respiratory compensation; ketones in blood and urine; elevated hematocrit, BUN and creatinine from dehydration; and sodium and potassium abnormalities, with hyperkalemia common.<br><br><i>Textbook values: pH 6.8 to 7.3, bicarbonate 0 to 15, PaCO2 10 to 30. Severity is not tied to the glucose level. The low PCO2 is the lungs compensating through Kussmaul breathing. Persistently high BUN and creatinine after rehydration suggest underlying renal insufficiency.</i>",NUR146
"Describe the IV fluid sequence for DKA, and why dextrose is added when glucose falls below 300.","0.9% normal saline for 2 to 4 hours, then 0.45% saline as the fluid of choice after the first few hours, then dextrose-containing fluid (D5W) once glucose reaches 300 mg/dL or less. Dextrose is added because insulin must keep running to clear the ketones, and the dextrose keeps glucose from falling too far while it does.<br><br><i>Patients may need 6 to 10 liters in total. Monitor for fluid overload, especially in older adults and patients with renal impairment or heart failure. Glucose corrects well before the acidosis does, which is why the insulin continues after the sugar looks normal.</i>",NUR146
"Why does serum potassium often read high at the start of DKA, why does it then drop, and when is potassium replaced?","Acidosis shifts potassium out of the cells, so the serum reads high even though total body potassium is depleted. Rehydration dilutes it, urine output excretes it, and insulin drives it back into cells, so it falls quickly. Potassium replacement starts once levels return to normal, with frequent labs and EKG monitoring.<br><br><i>Replacement is withheld only if the patient is hyperkalemic or not urinating. Bicarbonate is avoided because it can cause a sudden, potentially fatal drop in potassium. Hypokalemia causes arrhythmias, which is the reason for the EKG. This is the Lecture 2 insulin-potassium action applied to an emergency.</i>",NUR146
"How is insulin given in DKA, and what does it actually fix?","IV at a slow, continuous rate with hourly blood glucose checks. Insulin stops fat breakdown, which stops ketone production and reverses the acidosis.<br><br><i>Glucose corrects well before the acidosis does, which is why insulin continues (with dextrose added) after the sugar looks normal. Flush the tubing and discard the first 50 mL, because insulin sticks to the plastic.</i>",NUR146
"What is the single most important sick day rule, and name the other key rules?","Never skip insulin because of nausea or vomiting; illness raises glucose, so insulin needs may increase. Also: test glucose and urine ketones every 3 to 4 hours, take supplemental insulin as prescribed, drink calorie-free fluids about every half hour, use soft foods or sugary fluids if unable to eat, and report persistent vomiting, trouble breathing, fever over 101 degrees F for 24 hours, or confusion.<br><br><i>Sick day rules are the primary prevention for DKA. Fluids are 4 to 6 oz every half hour. If vomiting, diarrhea or fever persists, sugar-containing fluids are taken every half to one hour. A patient who cannot keep fluids down may need hospitalization. Patients keep a sick day kit with ketone strips and glucose strips.</i>",NUR146
"What causes HHS, and trace its pathophysiology?","Relative insulin deficiency from increased demand, physiologic stress, dialysis or medications. Hyperglycemia leads to hyperosmolality, then osmotic diuresis, then dehydration and electrolyte imbalance, with fluid shifting out of the cells.<br><br><i>HHS is usually associated with type 2 diabetes, typically in adults aged 50 to 70. Its three clinical features are hyperglycemia, hyperosmolality and alterations in sensorium.</i>",NUR146
State the clinical and diagnostic findings of HHS.,"Hypotension, tachycardia, profound dehydration, and altered consciousness or seizures. Glucose over 600 mg/dL, osmolality over 320 mOsm/kg, elevated BUN and creatinine, mental status changes from cerebral dehydration, and no ketosis with a normal pH.<br><br><i>Neurologic signs can include hemiparesis and hallucinations and may take 3 to 5 days to clear. Treatment is fluids, electrolytes and insulin, with close monitoring for fluid overload because the patients are older. Potassium is added once urine output is adequate. Many patients go home without insulin.</i>",NUR146
"Compare DKA and HHS on type, onset, glucose, pH, ketones, osmolality and mortality.","DKA: type 1, rapid onset, glucose over 250, pH under 7.3, ketones present, osmolality 275 to 320, mortality under 1 percent. HHS: type 2, slow onset over several days, glucose over 600, normal pH, ketones absent, osmolality over 320, mortality 15 to 20 percent. BUN and creatinine are elevated in both.<br><br><i>One line: DKA is ketones and acid, fast, type 1; HHS is extreme sugar and dehydration, slow, type 2, no acid, and deadlier. Bicarbonate is under 15 in DKA and normal in HHS.</i>",NUR146
Name the THREE macrovascular complications of diabetes and how they are managed.,"Coronary artery disease, cerebrovascular disease and peripheral vascular disease, all from atherosclerotic changes. Management is risk factor modification (diet, exercise, smoking cessation) and glycemic control.<br><br><i>Macrovascular disease is the leading cause of illness and death in diabetes; MI and heart failure are twice as common. Peripheral arterial disease causes diminished pulses and intermittent claudication.</i>",NUR146
"Describe diabetic retinopathy: what it is, how it is diagnosed, and how it is managed.","Small-vessel damage of the retinal vessels and the leading cause of acquired blindness in adults. It is diagnosed by ophthalmoscopy and managed with glycemic control, smoking cessation, blood pressure control and laser surgery.<br><br><i>The first lesion is a microaneurysm. Nonproliferative stages are often symptom-free, which is why annual eye exams matter. Proliferative retinopathy means new, fragile vessels form. Macular edema threatens central vision.</i>",NUR146
"Describe diabetic nephropathy: what it is, how it is monitored, and how it is managed.","Kidney disease from diabetic microvascular changes, responsible for 50 percent of newly diagnosed ESRD. Kidney function is tested annually. Management: glycemic and blood pressure control, avoiding nephrotoxic agents, and a low-sodium diet with adequate protein; ESRD requires dialysis or transplant.<br><br><i>Annual testing means urine albumin and eGFR; diagnosis rests on albuminuria or an eGFR under 60. Low-protein diets are no longer recommended for early diabetic kidney disease. Contrast dye is a risk for damaged kidneys, which ties back to metformin.</i>",NUR146
"Describe peripheral neuropathy in diabetes: where it starts, how symptoms progress, why gait becomes unsteady, and management.","It affects the distal portion of nerves first. Paresthesia and burning progress to numbness, and decreased proprioception causes an unsteady gait. Management is glycemic control and pain medication as needed.<br><br><i>It spreads in a stocking-glove pattern and burning is often worse at night. Glucose control prevents and slows it but does not reverse existing damage. Loss of pain sensation leads to unnoticed foot injuries and deformities such as Charcot foot. Alcohol and vitamin deficiency should be ruled out as causes.</i>",NUR146
"Name the SIX areas affected by autonomic neuropathy on the slide, with what each looks like.","Cardiac: fixed tachycardia, orthostatic hypotension, silent MI. GI: gastroparesis, diarrhea or constipation. Renal: neurogenic bladder with retention and UTIs. Hypoglycemic unawareness: no adrenergic warning signs. Sudomotor: absent lower-body sweating with dry, cracking feet. Sexual dysfunction. Management is specific to the symptoms.<br><br><i>Gastroparesis delays gastric emptying, so food absorption is unpredictable and glucose swings erratically. A neurogenic bladder cannot empty fully, which invites infection. Sudomotor neuropathy also raises heatstroke risk and contributes to foot ulcers.</i>",NUR146
"Why are people with diabetes at high risk for foot problems, and what are the key foot care do's and don'ts?","Neuropathy means they cannot feel an injury and PVD means they cannot heal it. Inspect feet daily, wear supportive shoes and socks, wash daily in warm water, dry well between the toes, and apply lotion daily. Do not soak the feet and do not put lotion between the toes.<br><br><i>Soaking macerates the skin and they cannot feel if the water is too hot; lotion between the toes traps moisture and invites fungal infection. Textbook adds: test water with a thermometer or elbow, never walk barefoot, do not shave calluses, trim nails straight across, feel inside shoes, and break in new shoes gradually. About 20 percent of people with a foot ulcer need an amputation.</i>",NUR146
"How many grams of carbohydrate are in one starch exchange, and how does that connect to insulin dosing?","About 15 grams. Insulin is dosed at 1 to 2 units of fast-acting insulin per 15 grams of carbohydrate, so one starch exchange is roughly one unit's worth of coverage.<br><br><i>This is why the whole exchange system is built on 15-gram units: it lets the patient count exchanges instead of weighing food. Portion size still matters, since a larger serving is more than one exchange.</i>",NUR146
What exercise precautions apply specifically to a patient taking insulin?,"Eat 15 grams of carbohydrate before exercising if the pre-exercise glucose is below 90 mg/dL, and watch for delayed hypoglycemia from about 30 minutes to a couple of hours after exercise.<br><br><i>The physiologic fall in circulating insulin that normally accompanies exercise cannot happen in a patient who has injected it. After strenuous exercise, a snack at the end and at bedtime helps. Patients should also make others aware of the diagnosis and carry simple carbohydrate.</i>",NUR146
"State the storage rules for insulin, including how long an in-use vial lasts at room temperature.","Refrigerate insulin when not in use; a vial in use may be kept at room temperature for 28 days. Avoid extreme temperatures and never leave it in a car.<br><br><i>Patients on mail order keep unopened stock refrigerated and take out only what is in use. Room-temperature insulin also causes less injection-site irritation than cold insulin. Facility labels show either the open date or the expiration date, so know which convention is used.</i>",NUR146
How much weight loss is enough to improve glucose control in type 2 diabetes?,"A modest loss of 3 to 7 percent of body weight significantly improves glucose and may reduce the need for medication.<br><br><i>The lecture gave 5 to 10 percent; the textbook says 3 to 7. Either way the point is that a small, attainable goal works, while telling a patient to lose 100 pounds makes them quit before starting. Losses over 10 percent may improve cardiovascular outcomes.</i>",NUR146
"What must happen to metformin around an iodine contrast study, and why?","Hold it for 48 hours before and 48 hours after the study, or until kidney function is confirmed normal, because the drug accumulates while the kidneys are clearing contrast and raises the risk of lactic acidosis.<br><br><i>If the study is emergent, hold it for 48 hours afterward. Combination products count too: Janumet is sitagliptin plus metformin, so it carries the same rule.</i>",NUR146
When is hypoglycemia most likely to occur during the day?,"Day or night, but most often just before meals, when meals are delayed, or when insulin is peaking.<br><br><i>Timing follows the insulin peak: midmorning with morning rapid or regular insulin, late afternoon with morning NPH, and the middle of the night with evening NPH, especially without a bedtime snack.</i>",NUR146
"What are Kussmaul respirations, and why do they occur in DKA?","Very deep but not labored breathing that blows off carbon dioxide to compensate for the metabolic acidosis.<br><br><i>This is why DKA labs show a low PCO2 alongside the low pH and low bicarbonate: the lungs are compensating. The fruity breath odor that accompanies it comes from acetone, a ketone.</i>",NUR146
When may the IV insulin drip be stopped in a patient recovering from DKA?,"Not until 2 to 4 hours after subcutaneous basal insulin has been started.<br><br><i>Subcutaneous insulin takes time to absorb, so stopping the drip at the first injection leaves a gap in which ketones reaccumulate. Insulin usually continues 12 to 24 hours, until bicarbonate recovers and the patient can eat.</i>",NUR146
Why does ketosis not occur in HHS?,"There is enough insulin to prevent fat breakdown, so no ketones form, but not enough insulin to control blood glucose.<br><br><i>Without the GI symptoms that ketosis causes, patients tolerate days of polyuria and thirst until neurologic changes finally bring them in, which is why HHS glucose climbs so much higher than in DKA.</i>",NUR146
Why might a myocardial infarction be missed in a patient with long-standing diabetes?,"Autonomic neuropathy can block the chest pain of ischemia, producing a silent MI found only on ECG.<br><br><i>This is one reason cardiovascular disease is so deadly in diabetes: the usual warning symptom never arrives. Stroke symptoms in a patient with diabetes also call for a glucose check first, since hypoglycemia and HHS can mimic them.</i>",NUR146
How can diabetic nephropathy cause hypoglycemia?,"Failing kidneys break down insulin more slowly, so each dose lasts longer and drops glucose further; insulin requirements often fall.<br><br><i>This is the same principle behind the higher hypoglycemia risk in older adults and in patients taking sulfonylureas with renal insufficiency: impaired clearance means the drug lingers.</i>",NUR146
Why must a person with diabetes inspect their feet every day?,"Because neuropathy means they cannot feel a pebble, blister or sore, so an injury goes unnoticed until it is infected.<br><br><i>Peripheral vascular disease then impairs healing, and hyperglycemia weakens the white cells' ability to fight infection. An untreated lesion can progress to osteomyelitis requiring six weeks of IV antibiotics, or to amputation.</i>",NUR146
"What is the role of the hypothalamus, and by which TWO routes does it communicate?","It is the control center whose goal is homeostasis, communicating through the bloodstream and through nerve fibers.<br><br><i>Her analogy was a thermostat. It regulates temperature, blood pressure, hunger, thirst, heart rate, feeling of fullness, anxiety, mood, sleep and sex drive, and it controls both pituitary lobes by different routes.</i>",NUR146
How does the hypothalamus control the anterior pituitary versus the posterior pituitary?,"It controls the anterior lobe with releasing hormones delivered through the portal vessels, and it controls the posterior lobe through axons that run down from the hypothalamus and end in the posterior pituitary.<br><br><i>Anterior is a chemical message through blood; posterior is a direct neural connection. That is why the anterior lobe manufactures hormones while the posterior lobe only stores them.</i>",NUR146
"Does the posterior pituitary produce hormones, and what are its nickname and its two hormones?","No. It only stores and releases. Its nickname is the neurohypophysis, and it holds oxytocin and vasopressin (ADH), both made in the hypothalamus.<br><br><i>She stated this three times in lecture and repeated it when a student asked. The hormones are produced in the hypothalamus, travel down the axons, and are stored in the axon terminals of the posterior lobe until a stimulus triggers release.</i>",NUR146
"What is the anterior pituitary nickname, and what SIX hormones does it produce?","The adenohypophysis; it produces GH, TSH, ACTH, FSH, LH and prolactin.<br><br><i>It makes these in response to releasing hormones from the hypothalamus that arrive through the pituitary portal vessels. Remember the two posterior hormones and everything else is anterior.</i>",NUR146
Name the FIVE hypothalamic releasing hormones and the pituitary hormone each triggers.,"GHRH triggers GH, TRH triggers TSH, CRH triggers ACTH, GnRH triggers FSH and LH, and PRH triggers prolactin.<br><br><i>Every releasing hormone ends in RH, and each is named for what it releases. CRH is corticotropin releasing hormone and corticotropin is another name for ACTH.</i>",NUR146
"What are the functions of oxytocin, and what kind of feedback system controls it?","Uterine contractions during childbirth, release of milk during lactation, and bonding, love, empathy and trust; it is controlled by positive feedback.<br><br><i>Oxytocin is the only positive feedback hormone covered in this course; everything else runs on negative feedback. It is nicknamed the bonding hormone. Prolactin makes the milk and oxytocin releases it.</i>",NUR146
"What does vasopressin do, and what TWO things stimulate its release?","It signals the kidneys to reabsorb water and causes vasoconstriction, both of which raise blood pressure. It is stimulated by low blood pressure and by increased serum osmolality.<br><br><i>Antidiuretic means it holds water back. More reabsorbed water raises blood volume, which raises pressure, and the vasoconstriction raises it again. Concentrated blood or a falling pressure is the signal to conserve water.</i>",NUR146
Name the functions of growth hormone beyond growth.,"Healing and immune response, protein synthesis, tissue repair and cell regeneration, and mobilizing fat, which raises blood glucose.<br><br><i>Its growth function supports linear growth of the long bones only until the epiphyseal plates close. The glucose-raising effect is the same mechanism behind the dawn phenomenon in the diabetes lecture, and it is why acromegaly carries a high risk of diabetes.</i>",NUR146
"What does ACTH stimulate, and what does that hormone do?","ACTH stimulates the adrenal cortex to produce cortisol during stress; cortisol maintains blood pressure, glucose availability and immune regulation.<br><br><i>Stress includes illness, infection and emotional distress. ACTH is produced in response to CRH from the hypothalamus. Too little ACTH underlies Addison disease and too much underlies Cushing syndrome.</i>",NUR146
What do FSH and LH each do?,"FSH supports gametogenesis, the development of sperm and eggs. LH stimulates production of testosterone and estrogen, surges around day 14 to trigger ovulation, and turns the empty follicle into the corpus luteum.<br><br><i>Both are stimulated by GnRH from the hypothalamus. Gametogenesis covers oogenesis and spermatogenesis.</i>",NUR146
"What does elevated prolactin cause, and can it occur in men?","Galactorrhea, milk production outside of pregnancy or nursing, and it occurs in men as well as women. It also causes sexual and reproductive dysfunction.<br><br><i>Prolactin is stimulated by PRH and normally drives milk production during lactation. A prolactin-secreting pituitary tumor is the usual cause of an elevated level, and galactorrhea is one of the listed symptoms of a pituitary tumor.</i>",NUR146
"What is diabetes insipidus, and what is the defining feature of the urine output?",A deficiency of ADH causing excretion of large amounts of highly dilute urine with extreme thirst. The defining feature is that urine output does not decrease when fluids are limited.<br><br><i>Her mnemonic: DI means dry inside. Output is unrelated to intake. The textbook gives more than 250 mL/hr; in lecture she said more than 100 mL/hr. Restricting fluids only produces hypernatremia and severe dehydration.</i>,NUR146
Distinguish neurogenic from nephrogenic diabetes insipidus by cause and by response to desmopressin.,"Neurogenic (central) means the pituitary is not making ADH, caused by trauma or surgery, brain tumor, radiation, or idiopathic; desmopressin works. Nephrogenic means the renal tubules do not respond to ADH, caused by renal disease or drug toxicity such as lithium or hypokalemia; desmopressin is ineffective.<br><br><i>This is why differentiating them comes first: the treatments are entirely different. Nephrogenic DI is managed with a low-salt diet plus hydrochlorothiazide or indomethacin. The textbook names head trauma as the primary cause of central DI and adds hypercalcemia to the nephrogenic list.</i>",NUR146
"Name the clinical manifestations of diabetes insipidus, and the main danger.","Extreme polyuria, polydipsia, dehydration, hypotension and hypovolemic shock, and anorexia with weight loss. The main danger is dehydration leading to hypovolemia and hypovolemic shock.<br><br><i>Anorexia here means loss of appetite, not anorexia nervosa; a patient can be obese and anorexic. The weight loss comes from volume loss rather than from not eating.</i>",NUR146
State the expected lab and urine findings in diabetes insipidus.,"Hypernatremia, serum hyperosmolarity over 300, very dilute pale urine with a specific gravity of 1.001 to 1.005, and low urine osmolarity under 200.<br><br><i>Water is lost while sodium stays behind, so the blood concentrates and the urine dilutes. Every value is the mirror image of SIADH.</i>",NUR146
"What is the fluid deprivation test, what result indicates DI, and when is it stopped?","Fluids are withheld to see whether urine output changes; a patient with DI cannot concentrate the urine and keeps excreting large dilute volumes. Stop the test immediately if vital signs become unstable.<br><br><i>The textbook withholds fluids 8 to 12 hours or until 3 to 5 percent of body weight is lost, with frequent weights. Terminate for tachycardia, excessive weight loss or hypotension, because these patients are already at risk for hypovolemic shock.</i>",NUR146
"Which test differentiates neurogenic from nephrogenic DI, and what category of endocrine test is it?","A trial of synthetic vasopressin; it is a stimulation test.<br><br><i>Responding to the exogenous hormone means the kidneys work and the problem is production, so it is neurogenic. No response means the kidneys cannot answer ADH, so it is nephrogenic. Stimulation tests detect hypofunction, which ties back to Lecture 1.</i>",NUR146
State the treatment goals for diabetes insipidus and the treatment for each type.,"Maintain fluid balance and identify and correct the underlying cause. Neurogenic DI is treated with desmopressin, synthetic ADH. Nephrogenic DI does not respond to desmopressin and is treated with a low-salt diet plus hydrochlorothiazide or indomethacin.<br><br><i>Until the cause is found, fluid replacement only masks the problem. Replace fluids carefully, since overshooting causes fluid overload, especially with comorbidities. The thiazide works by causing mild salt depletion, which increases water reabsorption upstream.</i>",NUR146
"What is desmopressin, by what routes is it given, and what are its side effects?","Synthetic vasopressin that mimics endogenous ADH, given orally, subcutaneously or intranasally. Side effects: increased thirst, xerostomia, increased blood pressure, oliguria and drowsiness.<br><br><i>Indicated for neurogenic DI and for nocturnal enuresis. Xerostomia is dry mouth. The textbook describes desmopressin as lacking the vascular effects of natural vasopressin, which is used cautiously in coronary artery disease.</i>",NUR146
"A patient on desmopressin develops oliguria, and another reports returning excessive thirst. What does each finding mean?","Oliguria suggests the dose is too high and the patient is retaining fluid. Returning excessive thirst suggests the dose is too low and the original symptoms are coming back.<br><br><i>The goal is a normal urine output, not a low one. Treating DI can push the patient into fluid retention, so assess for JVD, hypertension, weight gain, crackles and falling output. With the intranasal form, confirm the patient inhales properly or the dose is incomplete.</i>",NUR146
Name the key patient education points for DDAVP at home.,"Check the expiration date, store liquid medication in the refrigerator, discard if discolored, administer in the morning, keep a log of urination patterns, report signs of dehydration or hyponatremia, notify the caregiver of excessive thirst, and report weight loss of 3 percent or more.<br><br><i>Tracking urination patterns shows when the medication is working and when it wears off. Both excessive thirst and a 3 percent weight loss signal that the dose needs adjusting.</i>",NUR146
"What is SIADH, and what does the excess ADH cause?","Excessive amounts of ADH causing excessive fluid retention and an inability to excrete dilute urine.<br><br><i>Her mnemonic: SIADH means soaked inside. The underlying defect is failure of the negative feedback system that normally shuts ADH off, so water is retained and the serum is diluted.</i>",NUR146
Name the causes of SIADH.,"Often non-endocrine: malignant cells that synthesize ADH, and direct stimulation of the posterior pituitary by a brain tumor, brain surgery, head injury or meningitis. Medications are also a cause.<br><br><i>She added stress, pain and too much desmopressin, so SIADH can be iatrogenic from overtreating DI. The classic malignancy is bronchogenic lung carcinoma. Textbook medications include vincristine, phenothiazines, tricyclics and thiazides.</i>",NUR146
Name the manifestations of SIADH.,"Small amounts of highly concentrated urine; fluid volume excess with tachycardia, hypertension, pulmonary crackles, dyspnea on exertion, JVD, weight gain and anasarca; hypo-osmolarity of the blood; and dilutional hyponatremia causing lethargy, weakness, muscle cramps, seizure and coma.<br><br><i>Anasarca is generalized edema everywhere, not just around the eyes; do not confuse it with exophthalmos. The neurologic symptoms come from the low sodium rather than the fluid itself, and patients may show one symptom, several, or all of them.</i>",NUR146
State the diagnostic findings in SIADH.,"Serum sodium under 120 mEq/dL and plasma osmolality under 275 mOsm/kg, with findings reflecting serum dilution.<br><br><i>The slide gives dilutional hyponatremia as sodium under 120 to 130 and the diagnostic value as under 120. The patient is waterlogged rather than salt depleted, which is why the treatment removes water rather than simply adding salt.</i>",NUR146
How is SIADH treated?,"Treat the underlying cause and correct the dilutional hyponatremia, using serum albumin replacement and sodium replacement, with fluid restriction usually under 800 mL per day. Severe symptoms such as seizure or delirium are treated with a 100 mL IV bolus of 3 percent hypertonic saline over 3 to 4 hours.<br><br><i>Albumin pulls fluid back into the vascular space, correcting the anasarca. The textbook makes fluid restriction the mainstay, sometimes with furosemide, and notes SIADH is generally self-limiting once the cause is addressed.</i>",NUR146
"Compare SIADH and diabetes insipidus on ADH level, urine output, urine concentration, sodium, fluid status and signs.","SIADH: high ADH, low urine output, concentrated urine, hyponatremia, fluid overload, pulmonary edema and JVD. Diabetes insipidus: low ADH, high urine output, dilute urine, hypernatremia, dehydration, hypotension, dry mucosa and tachycardia.<br><br><i>One line: SIADH soaks you and the sodium drops; DI dries you out and the sodium rises. Every value is a mirror image, which is exactly why exam questions pair them.</i>",NUR146
Name the nursing considerations for diabetes insipidus.,"Monitor frequently during fluid deprivation studies, give desmopressin as ordered, monitor vital signs, strict I&O, frequent neuro checks, daily weights, encourage fluid intake, monitor for dehydration or overhydration, and watch for signs of angina and vasoconstriction.<br><br><i>The angina and vasoconstriction monitoring reflects the vascular effect of vasopressin. I&O, daily weights and neuro checks do not need an order. For accurate output in an incontinent patient, use a condom catheter or offer the bedpan frequently.</i>",NUR146
Name the nursing considerations for SIADH.,"Limit fluid intake, close monitoring of I&O, daily weight, monitor neuro status, and assess for signs of CHF and pulmonary edema.<br><br><i>DI and SIADH are monitored with the same four measurements, but the interventions are opposite: encourage fluids in DI, restrict them in SIADH. Daily weight is the most sensitive fluid measure, with 1 kg roughly equal to 1 L.</i>",NUR146
Name the THREE categories of anterior pituitary disorder and the conditions in each.,"Neoplasias (pituitary tumors); hyposecretion (panhypopituitarism, dwarfism); and hypersecretion (Cushing syndrome, gigantism, acromegaly).<br><br><i>Panhypopituitarism is undersecretion of all anterior pituitary hormones, so the thyroid, adrenal cortex and gonads atrophy from loss of tropic stimulation. Excess ACTH causes Cushing syndrome; excess GH causes gigantism or acromegaly depending on timing.</i>",NUR146
"Describe pituitary tumors: which lobe, their nature, and their FOUR symptoms.","They usually affect the anterior pituitary and are usually benign and slow growing. Symptoms are headache, visual disturbances, galactorrhea, and endocrine symptoms related to excessive hormone secretion.<br><br><i>The visual disturbances come from pressure on the optic nerves, so assess for loss of color discrimination, double vision or loss of part of a visual field. Diagnostics are history and physical, visual acuity exam, CT or MRI, and serum hormone levels.</i>",NUR146
"What is a hypophysectomy, what approach is used, and what does the patient require afterward?","Surgical removal of the entire pituitary gland, most commonly by the transsphenoidal approach through an incision in the gums or upper lip or through the nose. The patient requires hormone replacement for life.<br><br><i>Transsphenoidal microsurgery removes only the adenoma and preserves normal pituitary tissue. An open craniotomy is used if the tumor has spread. Lifelong replacement includes corticosteroids and thyroid hormone.</i>",NUR146
"Name the activities a patient must avoid for up to 2 months after transsphenoidal hypophysectomy, and why.","Coughing, constipation and straining, bending at the waist, vomiting, vigorous hair brushing, sneezing, and drinking through a straw, because all of them increase intracranial pressure.<br><br><i>Raised ICP threatens the surgical site and can cause a CSF leak. Stool softeners help prevent straining, and the head of the bed stays above 30 degrees.</i>",NUR146
"What is the common complication after hypophysectomy, and what urine output requires notifying the provider?","Transient diabetes insipidus; notify the provider if urine output exceeds 100 mL/hr.<br><br><i>Removing or manipulating the pituitary interrupts ADH release, so the patient dumps dilute urine. Also check urine specific gravity and vital signs; a low specific gravity with a high output supports DI.</i>",NUR146
How does the nurse assess for a CSF leak after transsphenoidal surgery?,"Watch for postnasal drip and constant swallowing, and test nasal drainage for glucose.<br><br><i>CSF contains glucose and nasal mucus does not, so a positive glucose test means cerebrospinal fluid. Other post-op care includes elevating the head of the bed above 30 degrees, frequent oral care, visual acuity checks, and no wound care until the packing is removed.</i>",NUR146
Distinguish gigantism from acromegaly.,"Gigantism is growth hormone excess before the epiphyseal plates close, affecting children and producing elongated long bones and tall stature that can exceed 8 feet. Acromegaly is growth hormone excess after the plates close, producing growth of short bones and soft tissue without an increase in height.<br><br><i>The epiphyseal plates are the entire distinction: open plates mean you grow taller, closed plates mean you grow wider. Gigantism is extremely rare, caused by an eosinophilic tumor, with a male to female ratio of 2 to 1.</i>",NUR146
Name the clinical manifestations of acromegaly.,"Enlargement of the hands, feet, facial bones and sternum; coarse features; a deep or hoarse voice; muscle weakness, osteoporosis and osteoarthritis; barrel chest; increased sweating; and decreased gonadal function.<br><br><i>The changes come from connective tissue proliferation and growth of the short bones. Severe headaches and visual disturbances occur when the tumor presses on the optic nerves.</i>",NUR146
"What is the gold standard diagnostic test for acromegaly, and what other studies are used?","The growth hormone suppression test; also skull radiography, CT, MRI and an oral glucose tolerance test.<br><br><i>Suppression tests detect hyperfunction, which ties back to Lecture 1. Glucose should suppress growth hormone; in acromegaly it does not. A single random GH level is not useful because levels fluctuate daily.</i>",NUR146
"State the treatment goals for acromegaly, the medication used, and its side effects.","Stop the abnormal growth and prevent complications, using surgical removal of the pituitary tumor and bromocriptine (Parlodel), which decreases serum GH within 2 weeks. Side effects: increased fertility, orthostatic hypotension and increased sensitivity to alcohol.<br><br><i>Increased fertility matters because a patient who assumed they could not conceive may become pregnant. Features already present are not reversed by surgery; treatment stops progression. Complications include diabetes, hypercholesterolemia and atherosclerosis, since GH raises blood glucose.</i>",NUR146
